"PersonID","Name","Gender","BirthYear","DeathYear","BirthPlace","DeathPlace"
1,"Aaron","M","1358 BC","1235 BC","Egypt","Mt. Hor"
2,"Apollyon","M",,,,
3,"Abagtha","M",,,,
4,"Abda","M",,,,
5,"Abdeel","M",,,,
6,"Abdi","M",,,,
7,"Abdi","M",,,,
8,"Abdi","M",,,,
9,"Abdiel","M",,,,
10,"Abdon","M",,,,
11,"Abdon","M",,,,
12,"Abdon","M",,,,
13,"Abel","M","3938 BC","3880 BC","Eden","East of Eden"
14,"Abijah","M",,,,
15,"Abiah","M",,,,
16,"Abiah","F",,,,
17,"Abiah","M",,,,
18,"Abiel","M",,,,
19,"Ebiasaph","M",,,,
20,"Abiathar","M",,,,
21,"Abida","M",,,,
22,"Abidan","M",,,,
23,"Abiel","M",,,,
24,"Abiezer","M",,,,
25,"Abiezer","M",,,,
26,"Abigail","F",,,,
27,"Abigail","F",,,,
28,"Abihail","F",,,,
29,"Abihail","F",,,,
30,"Abihail","F",,,,
31,"Abihail","F",,,,
32,"Abihail","F",,,,
33,"Abihu","M",,,,
34,"Abihud","M",,,,
35,"Abijah","M",,,,
36,"Abijah","M",,,,
37,"Abijah","M",,,,
38,"Abijah","M",,"0907 BC","Jerusalem","Jerusalem"
39,"Abimael","M",,,,
40,"Abimelech","M",,,,
41,"Abimelech","M",,,,
42,"Abimelech","M",,,,
43,"Abinadab","M",,,,
44,"Abinadab","M",,,,
45,"Abinadab","M",,,,
46,"Abinoam","M",,,,
47,"Abiram","M",,,,
48,"Abiram","M",,,,
49,"Abishag","F",,,,
50,"Abishai","M",,,,
51,"Abishua","M",,,,
52,"Abishua","M",,,,
53,"Abishur","M",,,,
54,"Abital","F",,,,
55,"Abitub","M",,,,
56,"Abiud","M",,,,
57,"Abner","M",,,,
58,"Abraham","M","1995 BC","1820 BC",,
59,"Absalom","M",,"0976 BC","Hebron",
60,"Achaicus","M",,,,
61,"Achan","M",,,,
62,"Achbor","M",,,,
63,"Achbor","M",,,,
64,"Achbor","M",,,,
65,"Achim","M",,,,
66,"Achish","M",,,,
67,"Achsa","F",,,,
68,"Achsah","F",,,,
69,"Adah","F",,,,
70,"Adaiah","M",,,,
71,"Adaiah","M",,,,
72,"Adaiah","M",,,,
73,"Adaiah","M",,,,
74,"Adaiah","M",,,,
75,"Adaiah","M",,,,
76,"Adaiah","M",,,,
77,"Adalia","M",,,,
78,"Adam","M","3941 BC","3011 BC","Eden","East of Eden"
79,"Adbeel","M",,,,
80,"Addar","M",,,,
81,"Addi","M",,,,
82,"Ader","M",,,,
83,"Adiel","M",,,,
84,"Azareel","M",,,,
85,"Adiel","M",,,,
86,"Adin","M",,,,
87,"Adin","M",,,,
88,"Adina","M",,,,
89,"Adino","M",,,,
90,"Adlai","M",,,,
91,"Admatha","M",,,,
92,"Adna","M",,,,
93,"Adna","M",,,,
94,"Adnah","M",,,,
95,"Adnah","M",,,,
96,"Adoni-bezek","M",,,,
97,"Adonijah","M",,"0965 BC","Hebron","Jerusalem"
98,"Adonijah","M",,,,
99,"Adonijah","M",,,,
100,"Adonikam","M",,,,
101,"Adoni-zedek","M",,,,
102,"Adoniram","M",,,,
103,"Adrammelech","M",,,,
104,"Adrammelech","M",,,,
105,"Adriel","M",,,,
106,"Aeneas","M",,,,
107,"Agabus","M",,,,
108,"Agag","M",,,,
109,"Agag","M",,,,
110,"Agee","M",,,,
111,"Agrippa","M",,,,
112,"Agur","M",,,,
113,"Ahab","M",,,,
114,"Ahab","M",,,,
115,"Aharhel","M",,,,
116,"Ahasbai","M",,,,
117,"Ahasuerus","M",,,,
118,"Ahaz","M","0763 BC","0716 BC","Jerusalem","Jerusalem"
119,"Ahaz","M",,,,
120,"Ahaziah","M",,,,
121,"Ahaziah","M","0822 BC","0844 BC","Jerusalem","Jerusalem"
122,"Ahban","M",,,,
123,"Aher","M",,,,
124,"Ahi","M",,,,
125,"Ahi","M",,,,
126,"Ahimelech","M",,,,
127,"Ahiah","M",,,,
128,"Ahiah","M",,,,
129,"Ahiam","M",,,,
130,"Ahian","M",,,,
131,"Ahiezer","M",,,,
132,"Ahiezer","M",,,,
133,"Ahihud","M",,,,
134,"Ahihud","M",,,,
135,"Ahijah","M",,,,
136,"Ahijah","M",,,,
137,"Ahijah","M",,,,
138,"Ahijah","M",,,,
139,"Ahijah","M",,,,
140,"Ahijah","M",,,,
141,"Ahikam","M",,,,
142,"Ahilud","M",,,,
143,"Ahimaaz","M",,,,
144,"Ahimaaz","M",,,,
145,"Ahimaaz","M",,,,
146,"Ahiman","M",,,,
147,"Ahiman","M",,,,
148,"Ahimelech","M",,,,
149,"Ahimelech","M",,,,
150,"Mahath","M",,,,
151,"Ahinadab","M",,,,
152,"Ahinoam","F",,,,
153,"Ahinoam","F",,,,
154,"Ahio","M",,,,
155,"Ahio","M",,,,
156,"Ahio","M",,,,
157,"Ahira","M",,,,
158,"Ahiram","M",,,,
159,"Ahisamach","M",,,,
160,"Ahishahar","M",,,,
161,"Ahishar","M",,,,
162,"Ahithophel","M",,,,
163,"Ahitub","M",,,,
164,"Ahitub","M",,,,
165,"Ahitub","M",,,,
166,"Ahlai","M",,,,
167,"Ahlai","M",,,,
168,"Ahoah","M",,,,
169,"Aholah","F",,,,
170,"Aholiab","M",,,,
171,"Aholibah","F",,,,
172,"Aholibamah","F",,,,
173,"Aholibamah","F",,,,
174,"Ahumai","M",,,,
175,"Ahuzam","M",,,,
176,"Ahuzzath","M",,,,
177,"Aiah","M",,,,
178,"Ajah","M",,,,
179,"Akan","M",,,,
180,"Akkub","M",,,,
181,"Akkub","M",,,,
182,"Akkub","M",,,,
183,"Akkub","M",,,,
184,"Alameth","M",,,,
185,"Alemeth","M",,,,
186,"Alexander","M",,,,
187,"Alexander","M",,,,
188,"Alexander","M",,,,
189,"Alexander","M",,,,
190,"Allon","M",,,,
191,"Almodad","M",,,,
192,"Alphaeus","M",,,,
193,"Alphaeus","M",,,,
194,"Alvah","M",,,,
195,"Alvan","M",,,,
196,"Amal","M",,,,
197,"Amalek","M",,,,
198,"Amariah","M",,,,
199,"Amariah","M",,,,
200,"Amariah","M",,,,
201,"Amariah","M",,,,
202,"Amariah","M",,,,
203,"Amariah","M",,,,
204,"Amariah","M",,,,
205,"Amariah","M",,,,
206,"Amariah","M",,,,
207,"Amasa","M",,,,
208,"Amasa","M",,,,
209,"Amasai","M",,,,
210,"Amasai","M",,,,
211,"Amasai","M",,,,
212,"Amasai","M",,,,
213,"Amasiah","M",,,,
214,"Amaziah","M","0825 BC","0770 BC","Jerusalem","Jerusalem"
215,"Amaziah","M",,,,
216,"Amaziah","M",,,,
217,"Amaziah","M",,,,
218,"Amon","M",,,,
219,"Amittai","M",,,,
220,"Ammiel","M",,,,
221,"Ammiel","M",,,,
222,"Ammiel","M",,,,
223,"Ammihud","M",,,,
224,"Ammihud","M",,,,
225,"Ammihud","M",,,,
226,"Ammihud","M",,,,
227,"Ammihud","M",,,,
228,"Amminadab","M",,,,
229,"Amminadab","M",,,,
230,"Ammishaddai","M",,,,
231,"Ammizabad","M",,,,
232,"Amnon","M",,,"Hebron",
233,"Amnon","M",,,,
234,"Amok","M",,,,
235,"Amon","M",,,,
236,"Amon","M","0662 BC","0640 BC","Jerusalem","Jerusalem"
237,"Amorite","M",,,,
238,"Amos","M",,,,
239,"Amos","M",,,,
240,"Amoz","M",,,,
241,"Amplias","M",,,,
242,"Amram","M",,,,"Egypt"
243,"Amram","M",,,,
244,"Amraphel","M",,,,
245,"Amzi","M",,,,
246,"Amzi","M",,,,
247,"Anah","M",,,,
248,"Anah","M",,,,
249,"Anah","M",,,,
250,"Anaiah","M",,,,
251,"Anaiah","M",,,,
252,"Anak","M",,,,
253,"Anamim","M",,,,
254,"Anammelech","M",,,,
255,"Anan","M",,,,
256,"Anani","M",,,,
257,"Ananiah","M",,,,
258,"Ananias","M",,,,
259,"Ananias","M",,,,
260,"Ananias","M",,,,
261,"Anath","M",,,,
262,"Anathoth","M",,,,
263,"Anathoth","M",,,,
264,"Andrew","M",,,,
265,"Andronicus","M",,,,
266,"Aner","M",,,,
267,"Aniam","M",,,,
268,"Anna","F",,,,
269,"Annas","M",,,,
270,"Antipas","M",,,,
271,"Antothijah","M",,,,
272,"Anub","M",,,,
273,"Apelles","M",,,,
274,"Aphiah","M",,,,
275,"Aphses","M",,,,
276,"Apollos","M",,,,
277,"Appaim","M",,,,
278,"Apphia","F",,,,
279,"Aquila","M",,,,
280,"Ara","M",,,,
281,"Arad","M",,,,
282,"Arah","M",,,,
283,"Arah","M",,,,
284,"Arah","M",,,,
285,"Aram","M",,,,
286,"Aram","M",,,,
287,"Aram","M",,,,
288,"Aran","M",,,,
289,"Ornan","M",,,,
290,"Arba","M",,,,
291,"Archelaus","M",,,,
292,"Archippus","M",,,,
293,"Ard","M",,,,
294,"Ard","M",,,,
295,"Ardon","M",,,,
296,"Areli","M",,,,
297,"Aretas","M",,,,
298,"Argob","M",,,,
299,"Aridai","M",,,,
300,"Aridatha","M",,,,
301,"Arieh","M",,,,
302,"Ariel","M",,,,
303,"Arioch","M",,,,
304,"Arioch","M",,,,
305,"Arisai","M",,,,
306,"Aristarchus","M",,,,
307,"Aristobulus'","M",,,,
308,"Arkite","M",,,,
309,"Armoni","M",,,,
310,"Arnan","M",,,,
311,"Arod","M",,,,
312,"Arphaxad","M","2283 BC","1847 BC",,
313,"Artaxerxes","M",,,,
314,"Artaxerxes","M",,,,
315,"Artemas","M",,,,
316,"Arvadite","M",,,,
317,"Arza","M",,,,
318,"Asa","M",,"0868 BC","Jerusalem","Jerusalem"
319,"Asa","M",,,,
320,"Asahel","M",,,,"Gibeon"
321,"Asahel","M",,,,
322,"Asahel","M",,,,
323,"Asahel","M",,,,
324,"Asahiah","M",,,,
325,"Asaiah","M",,,,
326,"Asaiah","M",,,,
327,"Asaiah","M",,,,
328,"Asaiah","M",,,,
329,"Asaph","M",,,,
330,"Asaph","M",,,,
331,"Asaph","M",,,,
332,"Asaph","M",,,,
333,"Asareel","M",,,,
334,"Jesharelah","M",,,,
335,"Asenath","F",,,,
336,"Ashbel","M",,,,
337,"Asher","M","Abt 1765 BC",,,
338,"Ashkenaz","M",,,,
339,"Ashpenaz","M",,,,
340,"Ashriel","M",,,,
341,"Ashtoreth","F",,,,
342,"Ashur","M",,,,
343,"Ashvath","M",,,,
344,"Asiel","M",,,,
345,"Asnah","M",,,,
346,"Asnappar","M",,,,
347,"Aspatha","M",,,,
348,"Asriel","M",,,,
349,"Asshur","M",,,,
350,"Asshurim","M",,,,
351,"Assir","M",,,,
352,"Assir","M",,,,
353,"Asyncritus","M",,,,
354,"Atarah","F",,,,
355,"Ater","M",,,,
356,"Ater","M",,,,
357,"Ater","M",,,,
358,"Athaiah","M",,,,
359,"Athaliah","F",,"0837 BC",,"Jerusalem"
360,"Athaliah","F",,,,
361,"Athaliah","F",,,,
362,"Athlai","M",,,,
363,"Attai","M",,,,
364,"Attai","M",,,,
365,"Attai","M",,,"Jerusalem",
366,"Augustus","M",,,,
367,"Azaliah","M",,,,
368,"Azaniah","M",,,,
369,"Azarael","M",,,,
370,"Azareel","M",,,,
371,"Azareel","M",,,,
372,"Azareel","M",,,,
373,"Azariah","M",,,,
374,"Azariah","M",,,,
375,"Uzziah","M","0808 BC","0742 BC","Jerusalem","Jerusalem"
376,"Azariah","M",,,,
377,"Azariah","M",,,,
378,"Azariah","M",,,,
379,"Azariah","M",,,,
380,"Azariah","M",,,,
381,"Azariah","M",,"0846 BC","Jerusalem","Jerusalem"
382,"Azariah","M",,,,
383,"Azariah","M",,,,
384,"Azariah","M",,,,
385,"Azariah","M",,,,
386,"Azariah","M",,,,
387,"Balak","M",,,,
388,"Bani","M",,,,
389,"Bani","M",,,,
390,"Bani","M",,,,
391,"Bani","M",,,,
392,"Bani","M",,,,
393,"Bani","M",,,,
394,"Bani","M",,,,
395,"Bani","M",,,,
396,"Bani","M",,,,
397,"Bani","M",,,,
398,"Bani","M",,,,
399,"Barabbas","M",,,,
400,"Barachel","M",,,,
401,"Barak","M",,,,
402,"Bariah","M",,,,
403,"Elymas","M",,,,
404,"Barkos","M",,,,
405,"Bartholomew","M",,,,
406,"Bartimaeus","M",,,,
407,"Baruch","M",,,,
408,"Baruch","M",,,,
409,"Baruch","M",,,,
410,"Baruch","M",,,,
411,"Barzillai","M",,,,
412,"Barzillai","M",,,,
413,"Barzillai","M",,,,
414,"Adah","F",,,,
415,"Basmath","F",,,,
416,"Bath-shua","M",,,,
417,"Bavai","M",,,,
418,"Bazluth","M",,,,
419,"Bealiah","M",,,,
420,"Bebai","M",,,,
421,"Bebai","M",,,,
422,"Bebai","M",,,,
423,"Becher","M",,,,
424,"Becher","M",,,,
425,"Bechorath","M",,,,
426,"Bedad","M",,,,
427,"Bedan","M",,,,
428,"Bedan","M",,,,
429,"Bedeiah","M",,,,
430,"Beera","M",,,,
431,"Beerah","M",,,,
432,"Beeri","M",,,,
433,"Beeri","M",,,,
434,"Bela","M",,,,
435,"Bela","M",,,,
436,"Bela","M",,,,
437,"Belshazzar","M",,,,
438,"Ben","M",,,,
439,"Benaiah","M",,,,
440,"Benaiah","M",,,,
441,"Benaiah","M",,,,
442,"Benaiah","M",,,,
443,"Benaiah","M",,,,
444,"Benaiah","M",,,,
445,"Benaiah","M",,,,
446,"Benaiah","M",,,,
447,"Benaiah","M",,,,
448,"Benaiah","M",,,,
449,"Benaiah","M",,,,
450,"Benaiah","M",,,,
451,"Ben-ammi","M",,,,
452,"Ben-hadad","M",,,,
453,"Ben-hadad","M",,,,
454,"Ben-hadad","M",,,,
455,"Benhail","M",,,,
456,"Ben-hanan","M",,,,
457,"Beninu","M",,,,
458,"Benjamin","M",,,,
459,"Benjamin","M",,,,
460,"Benjamin","M",,,,
461,"Benjamin","M",,,,
462,"Beno","M",,,,
463,"Benjamin","M","1734 BC",,,
464,"Ben-zoheth","M",,,,
465,"Beor","M",,,,
466,"Beor","M",,,,
467,"Bera","M",,,,
468,"Berachah","M",,,,
469,"Berechiah","M",,,,
470,"Beraiah","M",,,,
471,"Berechiah","M",,,,
472,"Berechiah","M",,,,
473,"Berechiah","M",,,,
474,"Berechiah","M",,,,
475,"Berechiah","M",,,,
476,"Bered","M",,,,
477,"Beri","M",,,,
478,"Beriah","M",,,,
479,"Beriah","M",,,,
480,"Beriah","M",,,,
481,"Beriah","M",,,,
482,"Bernice","F",,,,
483,"Merodach-baladan","M",,,,
484,"Besai","M",,,,
485,"Besodeiah","M",,,,
486,"Beth-rapha","M",,,,
487,"Bethuel","M",,,,
488,"Bezai","M",,,,
489,"Bezai","M",,,,
490,"Bezaleel","M",,,,
491,"Bezaleel","M",,,,
492,"Bezer","M",,,,
493,"Bichri","M",,,,
494,"Bigtha","M",,,,
495,"Bigthana","M",,,,
496,"Bigvai","M",,,,
497,"Bigvai","M",,,,
498,"Bigvai","M",,,,
499,"Bildad","M",,,,
500,"Bilgah","M",,,,
501,"Bilgah","M",,,,
502,"Bilhah","F",,,,
503,"Bilhan","M",,,,
504,"Bilhan","M",,,,
505,"Bilshan","M",,,,
506,"Bimhal","M",,,,
507,"Binea","M",,,,
508,"Binnui","M",,,,
509,"Binnui","M",,,,
510,"Binnui","M",,,,
511,"Binnui","M",,,,
512,"Binnui","M",,,,
513,"Birsha","M",,,,
514,"Birzavith","F",,,,
515,"Bishlam","M",,,,
516,"Bithiah","F",,,,
517,"Biztha","M",,,,
518,"Blastus","M",,,,
519,"Boaz","M",,,,
520,"Bocheru","M",,,,
521,"Bohan","M",,,,
522,"Bukki","M",,,,
523,"Bukki","M",,,,
524,"Bukkiah","M",,,,
525,"Bunah","M",,,,
526,"Bunni","M",,,,
527,"Bunni","M",,,,
528,"Bunni","M",,,,
529,"Buz","M",,,,
530,"Buz","M",,,,
531,"Buzi","M",,,,
532,"Caiaphas","M",,,,
533,"Cain","M","3939 BC",,"Eden",
534,"Cainan","M","3616 BC","2706 BC",,
535,"Cainan","M",,,,
536,"Calcol","M",,,,
537,"Caleb","M",,,,
538,"Caleb","M",,,,
539,"Azariah","M",,,,
540,"Azariah","M",,,,
541,"Azariah","M",,,,
542,"Azariah","M",,,,
543,"Azariah","M",,,,
544,"Azariah","M",,,,
545,"Azariah","M",,,,
546,"Azaz","M",,,,
547,"Azaziah","M",,,,
548,"Azaziah","M",,,,
549,"Azaziah","M",,,,
550,"Azbuk","M",,,,
551,"Azel","M",,,,
552,"Azgad","M",,,,
553,"Azgad","M",,,,
554,"Aziza","M",,,,
555,"Azmaveth","M",,,,
556,"Azmaveth","M",,,,
557,"Azmaveth","M",,,,
558,"Azmaveth","M",,,,
559,"Azor","M",,,,
560,"Azriel","M",,,,
561,"Azriel","M",,,,
562,"Azriel","M",,,,
563,"Azrikam","M",,,,
564,"Azrikam","M",,,,
565,"Azrikam","M",,,,
566,"Azrikam","M",,,,
567,"Azubah","F",,,,
568,"Azubah","F",,,,
569,"Azur","M",,,,
570,"Azur","M",,,,
571,"Azzan","M",,,,
572,"Azzur","M",,,,
573,"Baal","M",,,,
574,"Baal","M",,,,
575,"Baal","M",,,,
576,"Baal-hanan","M",,,,
577,"Baal-hanan","M",,,,
578,"Baalis","M",,,,
579,"Baal-zebub","M",,,,
580,"Baana","M",,,,
581,"Baana","M",,,,
582,"Baanah","M",,,,
583,"Baanah","M",,,,
584,"Baanah","M",,,,
585,"Baanah","M",,,,
586,"Baanah","M",,,,
587,"Baara","F",,,,
588,"Baaseiah","M",,,,
589,"Baasha","M",,,,
590,"Bakbakkar","M",,,,
591,"Bakbuk","M",,,,
592,"Bakbukiah","M",,,,
593,"Balaam","M",,,,
594,"Baladan","M",,,,
595,"Igeal","M",,,,
596,"Ikkesh","M",,,,
597,"Imla","M",,,,
598,"Immer","M",,,,
599,"Immer","M",,,,
600,"Immer","M",,,,
601,"Imna","M",,,,
602,"Imnah","M",,,,
603,"Imrah","M",,,,
604,"Imri","M",,,,
605,"Imri","M",,,,
606,"Iphedeiah","M",,,,
607,"Ir","M",,,,
608,"Ira","M",,,,
609,"Ira","M",,,,
610,"Ira","M",,,,
611,"Irad","M",,,,
612,"Iram","M",,,,
613,"Iri","M",,,,
614,"Irijah","M",,,,
615,"Iru","M",,,,
616,"Isaac","M","1895 BC","1715 BC",,
617,"Isaiah","M",,,,
618,"Iscah","M",,,,
619,"Ishbah","M",,,,
620,"Ishbak","M",,,,
621,"Ishbi-benob","M",,,,
622,"Ish-bosheth","M",,"1001 BC",,
623,"Ishi","M",,,,
624,"Ishi","M",,,,
625,"Ishi","M",,,,
626,"Ishi","M",,,,
627,"Ishiah","M",,,,
628,"Ishijah","M",,,,
629,"Ishma","M",,,,
630,"Ishmael","M","1909 BC",,,
631,"Ishmael","M",,,,
632,"Ishmael","M",,,,
633,"Ishmael","M",,,,
634,"Ishmael","M",,,,
635,"Ishmael","M",,,,
636,"Ishmaiah","M",,,,
637,"Ishmerai","M",,,,
638,"Ishod","M",,,,
639,"Ishpan","M",,,,
640,"Isuah","M",,,,
641,"Abinadab","M",,,,
642,"Ismachiah","M",,,,
643,"Ismaiah","M",,,,
644,"Ispah","M",,,,
645,"Issachar","M","1773 BC",,,
646,"Issachar","M",,,,
647,"Jeshaiah","M",,,,
648,"Isui","M",,,,
649,"Ithamar","M",,,,
650,"Ithiel","M",,,,
651,"Ithiel","M",,,,
652,"Ithmah","M",,,,
653,"Ithran","M",,,,
654,"Jether","M",,,,
655,"Ithream","M",,,"Hebron",
656,"Ittai","M",,,,
657,"Ittai","M",,,,
658,"Izhar","M",,,,
659,"Izrahiah","M",,,,
660,"Jaakobah","M",,,,
661,"Jaala","M",,,,
662,"Jaalam","M",,,,
663,"Jaanai","M",,,,
664,"Jair","M",,,,
665,"Jaasau","M",,,,
666,"Jaasiel","M",,,,
667,"Jezaniah","M",,,,
668,"Jaazaniah","M",,,,
669,"Jaazaniah","M",,,,
670,"Jaazaniah","M",,,,
671,"Jaaziah","M",,,,
672,"Jaaziel","M",,,,
673,"Jabal","M",,,,
674,"Jabesh","M",,,,
675,"Jabez","M",,,,
676,"Jabin","M",,,,
677,"Jabin","M",,,,
678,"Jachan","M",,,,
679,"Jachin","M",,,,
680,"Jachin","M",,,,
681,"Jachin","M",,,,
682,"Israel","M","1835 BC","1688 BC",,"Egypt"
683,"Jacob","M",,,,
684,"Jada","M",,,,
685,"Jadau","M",,,,
686,"Jaddua","M",,,,
687,"Jaddua","M",,,,
688,"Jadon","M",,,,
689,"Jael","F",,,,
690,"Jahath","M",,,,
691,"Shimei","M",,,,
692,"Jahath","M",,,,
693,"Jahath","M",,,,
694,"Jahath","M",,,,
695,"Jahaziah","M",,,,
696,"Jahaziel","M",,,,
697,"Jahaziel","M",,,,
698,"Jahaziel","M",,,,
699,"Jahaziel","M",,,,
700,"Jahaziel","M",,,,
701,"Jahdai","M",,,,
702,"Jahdiel","M",,,,
703,"Jahdo","M",,,,
704,"Jahleel","M",,,,
705,"Jahmai","M",,,,
706,"Jahzeel","M",,,,
707,"Jahzerah","M",,,,
708,"Jair","M",,,,
709,"Jair","M",,,,
710,"Jair","M",,,,
711,"Jairus","M",,,,
712,"Jakeh","M",,,,
713,"Jakim","M",,,,
714,"Jakim","M",,,,
715,"Jalon","M",,,,
716,"Jambres","M",,,,
717,"James","M",,,,
718,"James","M",,,,
719,"James","M",,,,
720,"Jamin","M",,,,
721,"Jamin","M",,,,
722,"Jamin","M",,,,
723,"Jamlech","M",,,,
724,"Janna","M",,,,
725,"Jannes","M",,,,
726,"Japheth","M","2385 BC",,,
727,"Japhia","M",,,,
728,"Japhia","M",,,"Jerusalem",
729,"Japhlet","M",,,,
730,"Jared","M","3481 BC","2629 BC",,
731,"Jaresiah","M",,,,
732,"Jarha","M",,,,
733,"Jarib","M",,,,
734,"Jarib","M",,,,
735,"Jaroah","M",,,,
736,"Jashen","M",,,,
737,"Jasher","M",,,,
738,"Jashobeam","M",,,,
739,"Jashobeam","M",,,,
740,"Jashub","M",,,,
741,"Jasiel","M",,,,
742,"Jason","M",,,,
743,"Jathniel","M",,,,
744,"Javan","M",,,,
745,"Jaziz","M",,,,
746,"Jeaterai","M",,,,
747,"Jeberechiah","M",,,,
748,"Jebusite","M",,,,
749,"Jecamiah","M",,,,
750,"Jecoliah","F",,,,
751,"Jedaiah","M",,,,
752,"Jedaiah","M",,,,
753,"Jedaiah","M",,,,
754,"Jedaiah","M",,,,
755,"Jedaiah","M",,,,
756,"Jedaiah","M",,,,
757,"Jediael","M",,,,
758,"Jediael","M",,,,
759,"Jediael","M",,,,
760,"Jediael","M",,,,
761,"Jedidah","F",,,,
762,"Jeduthun","M",,,,
763,"Abiezer","M",,,,
764,"Jehaleleel","M",,,,
765,"Jehalelel","M",,,,
766,"Jehdeiah","M",,,,
767,"Jehdeiah","M",,,,
768,"Jehezekel","M",,,,
769,"Jehiel","M",,,,
770,"Jehiel","M",,,,
771,"Jehiel","M",,,,
772,"Jehiel","M",,,,
773,"Jehiel","M",,"0846 BC","Jerusalem","Jerusalem"
774,"Jehiel","M",,,,
775,"Jehiel","M",,,,
776,"Jehiel","M",,,,
777,"Jehiel","M",,,,
778,"Jehiel","M",,,,
779,"Jehiel","M",,,,
780,"Jehiel","M",,,,
781,"Jehizkiah","M",,,,
782,"Jarah","M",,,,
783,"Jehoaddan","F",,,,
784,"Jehoahaz","M",,,,
785,"Jehohanan","M",,,,
786,"Jehohanan","M",,,,
787,"Jehohanan","M",,,,
788,"Jehohanan","M",,,,
789,"Jehohanan","M",,,,
790,"Jehohanan","M",,,,
791,"Jehoiachin","M","0616 BC",,"Jerusalem","Babylon"
792,"Jehoiada","M",,,,
793,"Jehoiada","M",,,,
794,"Jehoiada","M",,,,
795,"Jehoiada","M",,,,
796,"Jehoiada","M",,,,
797,"Joiarib","M",,,,
798,"Jehoiarib","M",,,,
799,"Jonadab","M",,,,
800,"Jehonathan","M",,,,
801,"Jehonathan","M",,,,
802,"Jehonathan","M",,,,
803,"Jehoram","M","0802 BC","0844 BC","Jerusalem","Jerusalem"
804,"Joram","M",,,,
805,"Jehoram","M",,,,
806,"Jehoshaphat","M",,,,
807,"Jehoshaphat","M",,,,
808,"Jehoshaphat","M",,"0847 BC","Jerusalem","Jerusalem"
809,"Jehoshaphat","M",,,,
810,"Jehoshaphat","M",,,,
811,"Jehoshabeath","F",,,"Jerusalem",
812,"Jehozabad","M",,,,
813,"Jehozabad","M",,,,
814,"Jehozabad","M",,,,
815,"Josedech","M",,,,
816,"Jehu","M",,,,
817,"Jehu","M",,,,
818,"Jehu","M",,,,
819,"Jehu","M",,,,
820,"Jehu","M",,,,
821,"Jehubbah","M",,,,
822,"Jucal","M",,,,
823,"Jehudi","M",,,,
824,"Jehudijah","F",,,,
825,"Jehush","M",,,,
826,"Jeiel","M",,,,
827,"Jeiel","M",,,,
828,"Jeiel","M",,,,
829,"Jeiel","M",,,,
830,"Jeiel","M",,,,
831,"Jeiel","M",,,,
832,"Jeiel","M",,,,
833,"Jeiel","M",,,,
834,"Jekameam","M",,,,
835,"Jekamiah","M",,,,
836,"Jekuthiel","M",,,,
837,"Jemima","F",,,,
838,"Jemuel","M",,,,
839,"Jephthah","M",,,,
840,"Jephunneh","M",,,,
841,"Jephunneh","M",,,,
842,"Jerah","M",,,,
843,"Jerahmeel","M",,,,
844,"Jerahmeel","M",,,,
845,"Jerahmeel","M",,,,
846,"Jered","M",,,,
847,"Jeremai","M",,,,
848,"Jeremiah","M",,,,
849,"Jeremiah","M",,,,
850,"Jeremiah","M",,,,
851,"Jeremiah","M",,,,
852,"Jeremiah","M",,,,
853,"Jeremiah","M",,,,
854,"Jeremiah","M",,,,
855,"Jeremiah","M",,,,
856,"Jeremoth","M",,,,
857,"Jeremoth","M",,,,
858,"Jeremoth","M",,,,
859,"Jeremoth","M",,,,
860,"Jeriah","M",,,,
861,"Jeribai","M",,,,
862,"Jeriel","M",,,,
863,"Jerijah","M",,,,
864,"Jerimoth","M",,,,
865,"Jerimoth","M",,,,
866,"Jerimoth","M",,,,
867,"Jerimoth","M",,,,
868,"Jerimoth","M",,,,
869,"Jerimoth","M",,,"Jerusalem",
870,"Jerimoth","M",,,,
871,"Jerioth","F",,,,
872,"Jeroboam","M",,,,
873,"Jeroboam","M",,,,
874,"Jeroham","M",,,,
875,"Jeroham","M",,,,
876,"Jeroham","M",,,,
877,"Jeroham","M",,,,
878,"Jeroham","M",,,,
879,"Jeroham","M",,,,
880,"Jeroham","M",,,,
881,"Jerubbesheth","M",,,,
882,"Jerushah","F",,,,
883,"Jesaiah","M",,,,
884,"Jesaiah","M",,,,
885,"Jeshaiah","M",,,,
886,"Jeshaiah","M",,,,
887,"Jeshaiah","M",,,,
888,"Jeshebeab","M",,,,
889,"Jesher","M",,,,
890,"Jeshishai","M",,,,
891,"Jeshohaiah","M",,,,
892,"Jeshua","M",,,,
893,"Joshua","M",,,,
894,"Jeshua","M",,,,
895,"Jeshua","M",,,,
896,"Jeshua","M",,,,
897,"Jeshua","M",,,,
898,"Jeshua","M",,,,
899,"Jeshua","M",,,,
900,"Jesiah","M",,,,
901,"Isshiah","M",,,,
902,"Jesimiel","M",,,,
903,"Jesse","M",,,,
904,"Jesus","M",,,,
905,"Jesus","M","0006 BC","30","Bethlehem","Jerusalem"
906,"Jether","M",,,,
907,"Jether","M",,,,
908,"Jether","M",,,,
909,"Jether","M",,,,
910,"Jetheth","M",,,,
911,"Jetur","M",,,,
912,"Jeuel","M",,,,
913,"Jeush","M",,,,
914,"Canaan","M",,,,
915,"woman","F",,,,
916,"Candace","F",,,,
917,"Caphthorim","M",,,,
918,"Carcas","M",,,,
919,"Kareah","M",,,,
920,"Carmi","M",,,,
921,"Carmi","M",,,,
922,"Carshena","M",,,,
923,"Casluhim","M",,,,
924,"Chalcol","M",,,,
925,"Carchemish","M",,,,
926,"Chedorlaomer","M",,,,
927,"Chelal","M",,,,
928,"Chelluh","M",,,,
929,"Chelub","M",,,,
930,"Chelub","M",,,,
931,"Chemosh","M",,,,
932,"Chenaanah","M",,,,
933,"Chenaanah","F",,,,
934,"Chenani","M",,,,
935,"Chenaniah","M",,,,
936,"Chenaniah","M",,,,
937,"Cheran","M",,,,
938,"Chesed","M",,,,
939,"Daniel","M",,,"Hebron",
940,"Chilion","M",,,"Bethlehem",
941,"Chimham","M",,,,
942,"Chislon","M",,,,
943,"Chloe","F",,,,
944,"Chushan-rishathaim","M",,,,
945,"Chuza","M",,,,
946,"Claudia","F",,,,
947,"Claudius","M",,,,
948,"Claudius","M",,,,
949,"Clement","M",,,,
950,"Cleophas","M",,,,
951,"Col-hozeh","M",,,,
952,"Col-hozeh","M",,,,
953,"Conaniah","M",,,,
954,"concubine","F",,,,
955,"Cononiah","M",,,,
956,"Cornelius","M",,,,
957,"Cosam","M",,,,
958,"Coz","M",,,,
959,"Cozbi","F",,,,
960,"Crescens","M",,,,
961,"Crispus","M",,,,
962,"Cush","M",,,,
963,"Cush","M",,,,
964,"Cushi","M",,,,
965,"Cushi","M",,,,
966,"Cushi","M",,,,
967,"Cyrenius","M",,,,
968,"Cyrus","M",,,,
969,"Dagon","M",,,,
970,"Dalaiah","M",,,,
971,"Dalphon","M",,,,
972,"Damaris","F",,,,
973,"Dan","M","Abt 1771 BC",,,
974,"Daniel","M",,,,
975,"Daniel","M",,,,
976,"Dara","M",,,,
977,"Darda","M",,,,
978,"Darius","M",,,,
979,"Darius","M",,,,
980,"Darius","M",,,,
981,"Darkon","M",,,,
982,"Dathan","M",,,,
983,"daughter","F",,,,
984,"daughters","F",,,,
986,"daughter","F",,,,
987,"daughter","F",,,,
988,"daughter","F",,,,
989,"daughter","F",,,,
990,"daughters","F",,,,
991,"Daughter of Sanballat","F",,,,
992,"Daughter of Shechaniah","F",,,,
993,"daughter","F",,,,
994,"David","M","1034 BC","0965 BC",,"Jerusalem"
995,"Debir","M",,,,
996,"Deborah","F",,,,
997,"Deborah","F",,,,
998,"Dedan","M",,,,
999,"Dedan","M",,,,
1000,"Dekar","M",,,,
1001,"Delaiah","M",,,,
1002,"Delaiah","M",,,,
1003,"Delaiah","M",,,,
1004,"Delaiah","M",,,,
1005,"Delilah","F",,,,
1006,"Demas","M",,,,
1007,"Demetrius","M",,,,
1008,"Diana","F",,,,
1009,"Diblaim","M",,,,
1010,"Dibri","M",,,,
1011,"Diklah","M",,,,
1012,"Dinah","F","1771 BC",,,
1013,"Dionysius","M",,,,
1014,"Diotrephes","M",,,,
1015,"Dishan","M",,,,
1016,"Dishon","M",,,,
1017,"Dishon","M",,,,
1018,"Dodanim","M",,,,
1019,"Dodavah","M",,,,
1020,"Dodo","M",,,,
1021,"Dodo","M",,,,
1022,"Dodo","M",,,,
1023,"Doeg","M",,,,
1024,"Drusilla","F",,,,
1025,"Dumah","M",,,,
1026,"Ebal","M",,,,
1027,"Ebed","M",,,,
1028,"Ebed","M",,,,
1029,"Ebed-melech","M",,,,
1030,"Eber","M","2220 BC","1756 BC",,
1031,"Eber","M",,,,
1032,"Eber","M",,,,
1033,"Eden","M",,,,
1034,"Eden","M",,,,
1035,"Eder","M",,,,
1036,"Eglah","F",,,,
1037,"Eglon","M",,,,
1038,"Ehi","M",,,,
1039,"Ehud","M",,,,
1040,"Ehud","M",,,,
1041,"Eker","M",,,,
1042,"Eladah","M",,,,
1043,"Elah","M",,,,
1044,"Elah","M",,,,
1045,"Elah","M",,,,
1046,"Elah","M",,,,
1047,"Elah","M",,,,
1048,"Elah","M",,,,
1049,"Elam","M",,,,
1050,"Elam","M",,,,
1051,"Elam","M",,,,
1052,"Elam","M",,,,
1053,"Elam","M",,,,
1054,"Elam","M",,,,
1055,"Elasah","M",,,,
1056,"Elasah","M",,,,
1057,"Eldaah","M",,,,
1058,"Eldad","M",,,,
1059,"Elead","M",,,,
1060,"Eleasah","M",,,,
1061,"Eleasah","M",,,,
1062,"Eleazar","M",,,,
1063,"Eleazar","M",,,,
1064,"Eleazar","M",,,,
1065,"Eleazar","M",,,,
1066,"Eleazar","M",,,,
1067,"Eleazar","M",,,,
1068,"Eleazar","M",,,,
1069,"Eleazar","M",,,,
1070,"Elhanan","M",,,,
1071,"Elhanan","M",,,,
1072,"Eli","M",,,,
1073,"Eliab","M",,,,
1074,"Eliab","M",,,,
1075,"Eliab","M",,,,
1076,"Eliab","M",,,,
1077,"Eliab","M",,,,
1078,"Eliada","M",,,"Jerusalem",
1079,"Eliada","M",,,,
1080,"Eliadah","M",,,,
1081,"Eliah","M",,,,
1082,"Eliah","M",,,,
1083,"Eliahba","M",,,,
1084,"Eliakim","M",,,,
1085,"Jehoiakim","M","0634 BC","0598 BC","Jerusalem","Jerusalem"
1086,"Eliakim","M",,,,
1087,"Eliakim","M",,,,
1088,"Eliakim","M",,,,
1089,"Eliam","M",,,,
1090,"Eliam","M",,,,
1091,"Eliasaph","M",,,,
1092,"Eliasaph","M",,,,
1093,"Eliashib","M",,,,
1094,"Eliashib","M",,,,
1095,"Eliashib","M",,,,
1096,"Eliashib","M",,,,
1097,"Eliashib","M",,,,
1098,"Eliashib","M",,,,
1099,"Eliashib","M",,,,
1100,"Eliashib","M",,,,
1101,"Eliashib","M",,,,
1102,"Eliathah","M",,,,
1103,"Elidad","M",,,,
1104,"Eliel","M",,,,
1105,"Eliel","M",,,,
1106,"Eliel","M",,,,
1107,"Eliel","M",,,,
1108,"Eliel","M",,,,
1109,"Eliel","M",,,,
1110,"Eliel","M",,,,
1111,"Eliel","M",,,,
1112,"Elienai","M",,,,
1113,"Eliezer","M",,,,
1114,"Eliezer","M",,,"Midian",
1115,"Eliezer","M",,,,
1116,"Eliezer","M",,,,
1117,"Eliezer","M",,,,
1118,"Eliezer","M",,,,
1119,"Eliezer","M",,,,
1120,"Eliezer","M",,,,
1121,"Eliezer","M",,,,
1122,"Eliezer","M",,,,
1123,"Eliezer","M",,,,
1124,"Elihoenai","M",,,,
1125,"Elihoreph","M",,,,
1126,"Elihu","M",,,,
1127,"Elihu","M",,,,
1128,"Elihu","M",,,,
1129,"Elihu","M",,,,
1130,"Elihu","M",,,,
1131,"Elijah","M",,,,
1132,"Elijah","M",,,,
1133,"Elika","M",,,,
1134,"Elimelech","M",,,"Bethlehem",
1135,"Elioenai","M",,,,
1136,"Elioenai","M",,,,
1137,"Elioenai","M",,,,
1138,"Elioenai","M",,,,
1139,"Elioenai","M",,,,
1140,"Elioenai","M",,,,
1141,"Elioenai","M",,,,
1142,"Eliphal","M",,,,
1143,"Eliphalet","M",,,"Jerusalem",
1144,"Eliphaz","M",,,,
1145,"Eliphaz","M",,,,
1146,"Elipheleh","M",,,,
1147,"Eliphelet","M",,,,
1148,"Elpalet","M",,,,
1149,"Eliphelet","M",,,,
1150,"Eliphelet","M",,,,
1151,"Eliphelet","M",,,,
1152,"Elisabeth","F",,,,
1153,"Elisha","M",,,,
1154,"Elishah","M",,,,
1155,"Elishama","M",,,,
1156,"Elishama","M",,,,
1157,"Elishama","M",,,,
1158,"Elishama","M",,,,
1159,"Elishama","M",,,,
1160,"Elishama","M",,,,
1161,"Elishaphat","M",,,,
1162,"Elisheba","F",,,,
1163,"Elishua","M",,,"Jerusalem",
1164,"Eliud","M",,,,
1165,"Elizaphan","M",,,,
1166,"Elizur","M",,,,
1167,"Elkanah","M",,,,
1168,"Elkanah","M",,,,
1169,"Elkanah","M",,,,
1170,"Elkanah","M",,,,
1171,"Elkanah","M",,,,
1172,"Elkanah","M",,,,
1173,"Elkanah","M",,,,
1174,"Elkanah","M",,,,
1175,"Elmodam","M",,,,
1176,"Elnaam","M",,,,
1177,"Elnathan","M",,,,
1178,"Elnathan","M",,,,
1179,"Elnathan","M",,,,
1180,"Elnathan","M",,,,
1181,"Elnathan","M",,,,
1182,"Elon","M",,,,
1183,"Elon","M",,,,
1184,"Elon","M",,,,
1185,"Elpaal","M",,,,
1186,"Eluzai","M",,,,
1187,"Elzabad","M",,,,
1188,"Elzabad","M",,,,
1189,"Elizaphan","M",,,,
1190,"Enan","M",,,,
1191,"Enoch","M",,,,
1192,"Enoch","M","3319 BC","2954 BC",,
1193,"Enos","M","3706 BC","2801 BC",,
1194,"Epaenetus","M",,,,
1195,"Epaphras","M",,,,
1196,"Epaphroditus","M",,,,
1197,"Ephah","F",,,,
1198,"Ephah","F",,,,
1199,"Ephah","F",,,,
1200,"Ephai","M",,,,
1201,"Epher","M",,,,
1202,"Epher","M",,,,
1203,"Epher","M",,,,
1204,"Ephlal","M",,,,
1205,"Ephod","M",,,,
1206,"Ephraim","M","1708 BC",,,
1207,"Ephratah","F",,,,
1208,"Ephron","M",,,,
1209,"Er","M",,,,
1210,"Er","M",,,,
1211,"Er","M",,,,
1212,"Eran","M",,,,
1213,"Erastus","M",,,,
1214,"Eri","M",,,,
1215,"Esar-haddon","M",,,,
1216,"Esau","M","1835 BC",,,
1217,"Eshban","M",,,,
1218,"Eshcol","M",,,,
1219,"Eshtemoa","M",,,,
1220,"Eshton","M",,,,
1221,"Esli","M",,,,
1222,"Ethan","M",,,,
1223,"Ethan","M",,,,
1224,"Jeduthun","M",,,,
1225,"Ethbaal","M",,,,
1226,"Ethnan","M",,,,
1227,"Eubulus","M",,,,
1228,"Eunice","F",,,,
1229,"Euodias","F",,,,
1230,"Eutychus","M",,,,
1231,"Eve","F","3941 BC",,"Eden",
1232,"Evi","M",,,,
1233,"Evil-merodach","M",,,,
1234,"Ezbai","M",,,,
1235,"Ozni","M",,,,
1236,"Ezbon","M",,,,
1237,"Ezekiel","M",,,,
1238,"Ezer","M",,,,
1239,"Ezer","M",,,,
1240,"Ezer","M",,,,
1241,"Ezer","M",,,,
1242,"Ezer","M",,,,
1243,"Ezer","M",,,,
1244,"Ezra","M",,,,
1245,"Ezra","M",,,,
1246,"Ezra","M",,,,
1247,"Ezri","M",,,,
1248,"Father of Barnabas and Mary","M",,,,
1249,"Father of Cononiah and Shimei","M",,,,
1250,"Father of Hilkiah and Shallum","M",,,,
1251,"Father of Hodiah and Naham","M",,,,
1252,"Father of Mamre and Eshcol and Aner","M",,,,
1253,"Father of Martha and Mary and Lazarus","M",,,,
1254,"Father of Nathan and Joel","M",,,,
1255,"Father of Shelomith and Haziel and Haran","M",,,,
1256,"Father of Tahpenes","M",,,,
1257,"Felix","M",,,,
1258,"Fortunatus","M",,,,
1259,"Gaal","M",,,,
1260,"Gabbai","M",,,,
1261,"Gabriel","M",,,,
1262,"Gad","M","Abt 1767 BC",,,
1263,"Gad","M",,,,
1264,"Gaddi","M",,,,
1265,"Gaddiel","M",,,,
1266,"Gadi","M",,,,
1267,"Gaham","M",,,,
1268,"Gahar","M",,,,
1269,"Gaius","M",,,,
1270,"Gaius","M",,,,
1271,"Gaius","M",,,,
1272,"Gaius","M",,,,
1273,"Galal","M",,,,
1274,"Galal","M",,,,
1275,"Gallio","M",,,,
1276,"Gamaliel","M",,,,
1277,"Gamaliel","M",,,,
1278,"Gamul","M",,,,
1279,"Gareb","M",,,,
1280,"Garmite","M",,,,
1281,"Gatam","M",,,,
1282,"Gazez","M",,,,
1283,"Gazez","M",,,,
1284,"Gazzam","M",,,,
1285,"Geber","M",,,,
1286,"Geber","M",,,,
1287,"Gedaliah","M",,,,
1288,"Gedaliah","M",,,,
1289,"Gedaliah","M",,,,
1290,"Gedaliah","M",,,,
1291,"Gedaliah","M",,,,
1292,"Gedor","M",,,,
1293,"Gehazi","M",,,,
1294,"Gemalli","M",,,,
1295,"Gemariah","M",,,,
1296,"Gemariah","M",,,,
1297,"Genubath","M",,,,
1298,"Gera","M",,,,
1299,"Gera","M",,,,
1300,"Gera","M",,,,
1301,"Gera","M",,,,
1302,"Gershom","M","1302 BC",,"Midian",
1303,"Gershom","M",,,,
1304,"Gershom","M",,,,
1305,"Gershon","M",,,,
1306,"Gesham","M",,,,
1307,"Geshem","M",,,,
1308,"Gether","M",,,,
1309,"Geuel","M",,,,
1310,"Gibeon","M",,,,
1311,"Giddalti","M",,,,
1312,"Giddel","M",,,,
1313,"Giddel","M",,,,
1314,"Gideon","M",,,,
1315,"Gideoni","M",,,,
1316,"Gilalai","M",,,,
1317,"Gilead","M",,,,
1318,"Gilead","M",,,,
1319,"Gilead","M",,,,
1320,"Ginath","M",,,,
1321,"Ginnethon","M",,,,
1322,"Girgasite","M",,,,
1323,"Gispa","M",,,,
1324,"God","M",,,,
1325,"Gog","M",,,,
1326,"Gog","M",,,,
1327,"Goliath","M",,,,
1328,"Gomer","M",,,,
1329,"Gomer","M",,,,
1330,"Guni","M",,,,
1331,"Guni","M",,,,
1332,"Haahashtari","M",,,,
1333,"Habaiah","M",,,,
1334,"Habakkuk","M",,,,
1335,"Habaziniah","M",,,,
1336,"Hachaliah","M",,,,
1337,"Hachmoni","M",,,,
1338,"Hadad","M",,,,
1339,"Hadad","M",,,,
1340,"Hadarezer","M",,,,
1341,"Hadar","M",,,,
1342,"Hadad","M",,,,
1343,"Esther","F",,,,
1344,"Hadlai","M",,,,
1345,"Hadoram","M",,,,
1346,"Hagab","M",,,,
1347,"Hagabah","M",,,,
1348,"Hagar","F",,,,
1349,"Haggai","M",,,,
1350,"Haggeri","M",,,,
1351,"Haggi","M",,,,
1352,"Haggiah","M",,,,
1353,"Haggith","F",,,,
1354,"Hakkatan","M",,,,
1355,"Hakkoz","M",,,,
1356,"Hakupha","M",,,,
1357,"Hallohesh","M",,,,
1358,"Halohesh","M",,,,
1359,"Ham","M","2385 BC",,,
1360,"Haman","M",,,,
1361,"Hamathite","M",,,,
1362,"Hammedatha","M",,,,
1363,"Hammelech","M",,,,
1364,"Hammoleketh","F",,,,
1365,"Hamor","M",,,,
1366,"Hamuel","M",,,,
1367,"Hamul","M",,,,
1368,"Hamutal","F",,,,
1369,"Hanameel","M",,,,
1370,"Hanan","M",,,,
1371,"Hanan","M",,,,
1372,"Hanan","M",,,,
1373,"Hanan","M",,,,
1374,"Hanan","M",,,,
1375,"Hanan","M",,,,
1376,"Hanan","M",,,,
1377,"Hanan","M",,,,
1378,"Hanan","M",,,,
1379,"Hanani","M",,,,
1380,"Hanani","M",,,,
1381,"Hanani","M",,,,
1382,"Hanani","M",,,,
1383,"Hanani","M",,,,
1384,"Hananiah","M",,,,
1385,"Hananiah","M",,,,
1386,"Hananiah","M",,,,
1387,"Hananiah","M",,,,
1388,"Hananiah","M",,,,
1389,"Hananiah","M",,,,
1390,"Hananiah","M",,,,
1391,"Hananiah","M",,,,
1392,"Hananiah","M",,,,
1393,"Hananiah","M",,,,
1394,"Hananiah","M",,,,
1395,"Hananiah","M",,,,
1396,"Hananiah","M",,,,
1397,"Hananiah","M",,,,
1398,"Shadrach","M",,,,
1399,"Haniel","M",,,,
1400,"Hannah","F",,,,
1401,"Hanniel","M",,,,
1402,"Henoch","M",,,,
1403,"Hanoch","M",,,,
1404,"Hanun","M",,,,
1405,"Hanun","M",,,,
1406,"Hanun","M",,,,
1407,"Haran","M","Aft 1995 BC","1930 BC",,
1408,"Haran","M",,,,
1409,"Haran","M",,,,
1410,"Harbona","M",,,,
1411,"Harbonah","M",,,,
1412,"Hareph","M",,,,
1413,"Harhaiah","M",,,,
1414,"Hasrah","M",,,,
1415,"Harhur","M",,,,
1416,"Harim","M",,,,
1417,"Harim","M",,,,
1418,"Harim","M",,,,
1419,"Hariph","M",,,,
1420,"Harnepher","M",,,,
1421,"Reaiah","M",,,,
1422,"Harsha","M",,,,
1423,"Harum","M",,,,
1424,"Harumaph","M",,,,
1425,"Haruz","M",,,,
1426,"Hasadiah","M",,,,
1427,"Hasenuah","M",,,,
1428,"Hashabiah","M",,,,
1429,"Hashabiah","M",,,,
1430,"Hashabiah","M",,,,
1431,"Hashabiah","M",,,,
1432,"Hashabiah","M",,,,
1433,"Hashabiah","M",,,,
1434,"Hashabiah","M",,,,
1435,"Hashabiah","M",,,,
1436,"Hashabiah","M",,,,
1437,"Hashabiah","M",,,,
1438,"Hashabnah","M",,,,
1439,"Hashabniah","M",,,,
1440,"Hashabniah","M",,,,
1441,"Hashbadana","M",,,,
1442,"Hashub","M",,,,
1443,"Hashub","M",,,,
1444,"Hashub","M",,,,
1445,"Hashubah","M",,,,
1446,"Hashum","M",,,,
1447,"Hashum","M",,,,
1448,"Hashum","M",,,,
1449,"Hassenaah","M",,,,
1450,"Hasshub","M",,,,
1451,"Hasupha","M",,,,
1452,"Hatach","M",,,,
1453,"Hathath","M",,,,
1454,"Hatipha","M",,,,
1455,"Hatita","M",,,,
1456,"Hattil","M",,,,
1457,"Hattush","M",,,,
1458,"Hattush","M",,,,
1459,"Hattush","M",,,,
1460,"Hattush","M",,,,
1461,"Havilah","M",,,,
1462,"Havilah","M",,,,
1463,"Hazael","M",,,,
1464,"Hazaiah","M",,,,
1465,"Hazarmaveth","M",,,,
1466,"Hazelelponi","F",,,,
1467,"Haziel","M",,,,
1468,"Hazo","M",,,,
1469,"Heber","M",,,,
1470,"Heber","M",,,,
1471,"Heber","M",,,,
1472,"Heber","M",,,,
1473,"Heber","M",,,,
1474,"Heber","M",,,,
1475,"Hebron","M",,,,
1476,"Hebron","M",,,,
1477,"Hegai","M",,,,
1478,"Helah","F",,,,
1479,"Helem","M",,,,
1480,"Heleb","M",,,,
1481,"Helek","M",,,,
1482,"Helez","M",,,,
1483,"Helez","M",,,,
1484,"Heli","M",,,,
1485,"Helkai","M",,,,
1486,"Helon","M",,,,
1487,"Homam","M",,,,
1488,"Heman","M",,,,
1489,"Heman","M",,,,
1490,"Heman","M",,,,
1491,"Hemath","M",,,,
1492,"Hemdan","M",,,,
1493,"Henadad","M",,,,
1494,"Henadad","M",,,,
1495,"Henadad","M",,,,
1496,"Hepher","M",,,,
1497,"Hepher","M",,,,
1498,"Hepher","M",,,,
1499,"Hephzi-bah","F",,,,
1500,"Heresh","M",,,,
1501,"Hermas","M",,,,
1502,"Hermes","M",,,,
1503,"Hermogenes","M",,,,
1504,"Herod","M",,,,
1505,"Herod","M",,,,
1506,"Herod","M",,,,
1507,"Herodias","F",,,,
1508,"Herodion","M",,,,
1509,"Hesed","M",,,,
1510,"Heth","M",,,,
1511,"Hezeki","M",,,,
1512,"Hezekiah","M","0741 BC","0689 BC","Jerusalem","Jerusalem"
1513,"Hezekiah","M",,,,
1514,"Hezekiah","M",,,,
1515,"Hezion","M",,,,
1516,"Hezir","M",,,,
1517,"Hezir","M",,,,
1518,"Hezrai","M",,,,
1519,"Hezron","M",,,,
1520,"Hezron","M",,,,
1521,"Hurai","M",,,,
1522,"Hiel","M",,,,
1523,"Hilkiah","M",,,,
1524,"Hilkiah","M",,,,
1525,"Hilkiah","M",,,,
1526,"Hilkiah","M",,,,
1527,"Hilkiah","M",,,,
1528,"Hilkiah","M",,,,
1529,"Hilkiah","M",,,,
1530,"Hillel","M",,,,
1531,"Hirah","M",,,,
1532,"Hiram","M",,,,
1533,"Hiram","M",,,,
1534,"Hivite","M",,,,
1535,"Hizkiah","M",,,,
1536,"Hizkijah","M",,,,
1537,"Hobab","M",,,,
1538,"Hod","M",,,,
1539,"Hodaiah","M",,,,
1540,"Hodaviah","M",,,,
1541,"Hodaviah","M",,,,
1542,"Hodevah","M",,,,
1543,"Hodesh","F",,,,
1544,"Hodiah","M",,,,
1545,"Hodijah","M",,,,
1546,"Hodijah","M",,,,
1547,"Hodijah","M",,,,
1548,"Hoglah","M",,,,
1549,"Hoham","M",,,,
1550,"Hophni","M",,,,
1551,"Horam","M",,,,
1552,"Hori","M",,,,
1553,"Hori","M",,,,
1554,"Hosah","M",,,,
1555,"Hosea","M",,,,
1556,"Hoshaiah","M",,,,
1557,"Hoshaiah","M",,,,
1558,"Hoshama","M",,,,
1559,"Hoshea","M",,,,
1560,"Hoshea","M",,,,
1561,"Hoshea","M",,,,
1562,"Hotham","M",,,,
1563,"Hothan","M",,,,
1564,"Hothir","M",,,,
1566,"Hul","M",,,,
1567,"Huldah","F",,,,
1568,"Huppah","M",,,,
1569,"Huram","M",,,,
1570,"Huppim","M",,,,
1571,"Hur","M",,,,
1572,"Hur","M",,,,
1573,"Hur","M",,,,
1574,"Hur","M",,,,
1575,"Huram","M",,,,
1576,"Huri","M",,,,
1577,"Hushai","M",,,,
1578,"Husham","M",,,,
1579,"Hushim","M",,,,
1580,"Hushim","M",,,,
1581,"Hushim","M",,,,
1582,"Huz","M",,,,
1583,"Hymenaeus","M",,,,
1584,"Ibhar","M",,,"Jerusalem",
1585,"Ibneiah","M",,,,
1586,"Ibnijah","M",,,,
1587,"Ibri","M",,,,
1588,"Ibzan","M",,,,
1589,"Ichabod's","M",,,,
1590,"Idbash","M",,,,
1591,"Iddo","M",,,,
1592,"Adaiah","M",,,,
1593,"Iddo","M",,,,
1594,"Iddo","M",,,,
1595,"Iddo","M",,,,
1596,"Iddo","M",,,,
1597,"Iddo","M",,,,
1598,"Igal","M",,,,
1599,"Igal","M",,,,
1600,"Igdaliah","M",,,,
1601,"Jeush","M",,,,
1602,"Jeush","M",,,,
1603,"Jeush","M",,,"Jerusalem",
1604,"Jeuz","M",,,,
1605,"Jezebel","F",,,,
1606,"Jezer","M",,,,
1607,"Jeziah","M",,,,
1608,"Jeziel","M",,,,
1609,"Jezliah","M",,,,
1610,"Jezoar","M",,,,
1611,"Jezrahiah","M",,,,
1612,"Jezreel","M",,,,
1613,"Jezreel","M",,,,
1614,"Jibsam","M",,,,
1615,"Jidlaph","M",,,,
1616,"Imnah","M",,,,
1617,"Joab","M",,,,
1618,"Joab","M",,,,
1619,"Joab","M",,,,
1620,"Joab","M",,,,
1621,"Joah","M",,,,
1622,"Ethan","M",,,,
1623,"Joah","M",,,,
1624,"Joah","M",,,,
1625,"Joah","M",,,,
1626,"Joah","M",,,,
1627,"Joahaz","M",,,,
1628,"Joanna","M",,,,
1629,"Joanna","F",,,,
1630,"Joash","M",,,,
1631,"Joash","M",,,,
1632,"Joash","M","0844 BC","0800 BC","Jerusalem","Jerusalem"
1633,"Joash","M",,,,
1634,"Joash","M",,,,
1635,"Joash","M",,,,
1636,"Joash","M",,,,
1637,"Joash","M",,,,
1638,"Jashub","M",,,,
1639,"Job","M",,,,
1640,"Jobab","M",,,,
1641,"Jobab","M",,,,
1642,"Jobab","M",,,,
1643,"Jobab","M",,,,
1644,"Jobab","M",,,,
1645,"Jochebed","F",,,,
1646,"Joed","M",,,,
1647,"Joel","M",,,,
1648,"Joel","M",,,,
1649,"Joel","M",,,,
1650,"Joel","M",,,,
1651,"Joel","M",,,,
1652,"Joel","M",,,,
1653,"Joel","M",,,,
1654,"Joel","M",,,,
1655,"Joel","M",,,,
1656,"Joel","M",,,,
1657,"Joel","M",,,,
1658,"Joel","M",,,,
1659,"Joel","M",,,,
1660,"Joel","M",,,,
1661,"Joelah","F",,,,
1662,"Joezer","M",,,,
1663,"Jogli","M",,,,
1664,"Joha","M",,,,
1665,"Joha","M",,,,
1666,"Johanan","M",,,,
1667,"Johanan","M",,,"Jerusalem",
1668,"Johanan","M",,,,
1669,"Johanan","M",,,,
1670,"Johanan","M",,,,
1671,"Johanan","M",,,,
1672,"Johanan","M",,,,
1673,"Johanan","M",,,,
1674,"Johanan","M",,,,
1675,"Johanan","M",,,,
1676,"John","M",,,,
1677,"John","M",,,,
1678,"John","M",,,,
1679,"Mark","M",,,,
1680,"Joiada","M",,,,
1681,"Joiakim","M",,,,
1682,"Joiarib","M",,,,
1683,"Joiarib","M",,,,
1684,"Jokim","M",,,,
1685,"Jokshan","M",,,,
1686,"Joktan","M",,,,
1687,"Jonas","M",,,,
1688,"Jonadab","M",,,,
1689,"Jonah","M",,,,
1690,"Jonan","M",,,,
1691,"Jonathan","M",,,,
1692,"Jonathan","M",,,,
1693,"Jonathan","M",,,,
1694,"Jonathan","M",,,,
1695,"Jonathan","M",,,,
1696,"Jonathan","M",,,,
1697,"Jonathan","M",,,,
1698,"Johanan","M",,,,
1699,"Jonathan","M",,,,
1700,"Jonathan","M",,,,
1701,"Jonathan","M",,,,
1702,"Jonathan","M",,,,
1703,"Hariph","M",,,,
1704,"Jorai","M",,,,
1705,"Joram","M",,,,
1706,"Joram","M",,,,
1707,"Jorim","M",,,,
1708,"Josabad","M",,,,
1709,"Jose","M",,,,
1710,"Joseph","M",,,,
1711,"Joseph","M",,,,
1712,"Joseph","M",,,,
1713,"Joseph","M",,,,
1714,"Joseph","M",,,,
1715,"Joseph","M","1744 BC","1634 BC",,", , , Egypt"
1716,"Joseph","M",,,,
1717,"Joseph","M",,,,
1718,"Joseph","M",,,,
1719,"Joseph","M",,,,
1720,"Barsabas","M",,,,
1721,"Joses","M",,,,
1722,"Barnabas","M",,,,
1723,"Joshah","M",,,,
1724,"Joshaphat","M",,,,
1725,"Joshaviah","M",,,,
1726,"Joshbekashah","M",,,,
1727,"Joshua","M","1321 BC","1211 BC",,"Timnath-serah , Ephraim, Cannan"
1728,"Joshua","M",,,,
1729,"Joshua","M",,,,
1730,"Josiah","M","0648 BC","0609 BC","Jerusalem","Jerusalem"
1731,"Josiah","M",,,,
1732,"Josibiah","M",,,,
1733,"Josiphiah","M",,,,
1734,"Jotham","M",,,,
1735,"Jotham","M",,"0734 BC","Jerusalem","Jerusalem"
1736,"Jotham","M",,,,
1737,"Jozabad","M",,,,
1738,"Jozabad","M",,,,
1739,"Jozabad","M",,,,
1740,"Jozabad","M",,,,
1741,"Jozabad","M",,,,
1742,"Jozabad","M",,,,
1743,"Jozabad","M",,,,
1744,"Jozabad","M",,,,
1745,"Jozabad","M",,,,
1746,"Zabad","M",,,,
1747,"Jozadak","M",,,,
1748,"Jubal","M",,,,
1749,"Juda","M",,,,
1750,"Juda","M",,,,
1751,"Judah","M","1774 BC",,,
1752,"Judah","M",,,,
1753,"Judah","M",,,,
1754,"Judah","M",,,,
1755,"Judah","M",,,,
1756,"Jude","M",,,,
1757,"Judas","M",,,,
1758,"Judas","M",,,,
1759,"Judas","M",,,,
1760,"Judas","M",,,,
1761,"Aholibamah","F",,,,
1762,"Julia","F",,,,
1763,"Julius","M",,,,
1764,"Junia","F",,,,
1765,"Jushab-hesed","M",,,,
1766,"Justus","M",,,,
1767,"Kadmiel","M",,,,
1768,"Kallai","M",,,,
1769,"Kedar","M",,,,
1770,"Kedemah","M",,,,
1771,"Kelaiah","M",,,,
1772,"Kelita","M",,,,
1773,"Kemuel","M",,,,
1774,"Kemuel","M",,,,
1775,"Kemuel","M",,,,
1776,"Kenaz","M",,,,
1777,"Kenaz","M",,,,
1778,"Kenaz","M",,,,
1779,"Kenaz","M",,,,
1780,"Keren-happuch","F",,,,
1781,"Keros","M",,,,
1782,"Keturah","F",,,,
1783,"Kezia","M",,,,
1784,"Kish","M",,,,
1785,"Kish","M",,,,
1786,"Kish","M",,,,
1787,"Kish","M",,,,
1788,"Kishi","M",,,,
1789,"Kittim","M",,,,
1790,"Kohath","M",,,,
1791,"Kolaiah","M",,,,
1792,"Kolaiah","M",,,,
1793,"Korah","M",,,,
1794,"Korah","M",,,,
1795,"Korah","M",,,,
1796,"Korah","M",,,,
1797,"Kore","M",,,,
1798,"Kore","M",,,,
1799,"Koz","M",,,,
1800,"Koz","M",,,,
1801,"Laadah","M",,,,
1802,"Laadan","M",,,,
1803,"Laban","M",,,,
1804,"Lael","M",,,,
1805,"Lahad","M",,,,
1806,"Lahmi","M",,,,
1807,"Laish","M",,,,
1808,"Lamech","M",,,,
1809,"Lamech","M","3067 BC","2290 BC",,
1810,"Lapidoth","F",,,,
1811,"Lazarus","M",,,,
1812,"Lazarus","M",,,,
1813,"Leah","F",,,,
1814,"Lebanah","M",,,,
1815,"Judas","M",,,,
1816,"Lehabim","M",,,,
1817,"Lemuel","M",,,,
1818,"Letushim","M",,,,
1819,"Leummim","M",,,,
1820,"Levi","M","1775 BC",,,
1821,"Levi","M",,,,
1822,"Levi","M",,,,
1823,"Laadan","M",,,,
1824,"Libni","M",,,,
1825,"Likhi","M",,,,
1826,"Linus","M",,,,
1827,"Lo-ammi","M",,,,
1828,"Lois","F",,,,
1829,"Lo-ruhamah","F",,,,
1830,"Lot","M",,,,
1831,"Lotan","M",,,,
1832,"Lucifer","M",,,,
1833,"Lucius","M",,,,
1834,"Lud","M",,,,
1835,"Ludim","M",,,,
1836,"Luke","M",,,,
1837,"Lydia","F",,,,
1838,"Lysanias","M",,,,
1839,"Maacah","F",,,,
1840,"Maachah","F",,,,
1841,"Maachah","F",,,"Jerusalem",
1842,"Maachah","F",,,,
1843,"Maachah","F",,,,
1844,"Maachah","F",,,,
1845,"Maachah","F",,,,
1846,"Maachah","F",,,,
1847,"Maadai","M",,,,
1848,"Maai","M",,,,
1849,"Maaseiah","M",,,,
1850,"Maaseiah","M",,,,
1851,"Maaseiah","M",,,,
1852,"Maaseiah","M",,,,
1853,"Maaseiah","M",,,,
1854,"Maaseiah","M",,,,
1855,"Maaseiah","M",,,,
1856,"Maaseiah","M",,,,
1857,"Maaseiah","M",,,,
1858,"Maaseiah","M",,,,
1859,"Maaseiah","M",,,,
1860,"Maaseiah","M",,,,
1861,"Maaseiah","M",,,,
1862,"Maaseiah","M",,,,
1863,"Maaseiah","M",,,,
1864,"Maaseiah","M",,,,
1865,"Maaseiah","M",,,,
1866,"Maaseiah","M",,,,
1867,"Maaseiah","M",,,,
1868,"Maaseiah","M",,,,
1869,"Maaseiah","M",,,,
1870,"Maasiai","M",,,,
1871,"Maath","M",,,,
1872,"Maaz","M",,,,
1873,"Maaziah","M",,,,
1874,"Moadiah","M",,,,
1875,"Machbanai","M",,,,
1876,"Machi","M",,,,
1877,"Machir","M",,,,
1878,"Machir","M",,,,
1879,"Machnadebai","M",,,,
1880,"Madai","M",,,,
1881,"Magdiel","M",,,,
1882,"Magog","M",,,,
1883,"Magpiash","M",,,,
1884,"Mahalah","F",,,,
1885,"Mahalaleel","M","3546 BC","2651 BC",,
1886,"Mahalaleel","M",,,,
1887,"Bashemath","F",,,,
1888,"Mahalath","F",,,"Jerusalem",
1889,"Mahli","M",,,,
1890,"Maharai","M",,,,
1891,"Mahath","M",,,,
1892,"Mahath","M",,,,
1893,"Mahazioth","M",,,,
1894,"Maher-shalal-hash-baz","M",,,,
1895,"Mahlah","M",,,,
1896,"Mahli","M",,,,
1897,"Mahlon","M",,,"Bethlehem",
1898,"Mahol","M",,,,
1899,"Malachi","M",,,,
1900,"Malcham","M",,,,
1901,"Malchiah","M",,,,
1902,"Malchiah","M",,,,
1903,"Malchiah","M",,,,
1904,"Malchiah","M",,,,
1905,"Malchiah","M",,,,
1906,"Malchiah","M",,,,
1907,"Malchiah","M",,,,
1908,"Malchiel","M",,,,
1909,"Malchijah","M",,,,
1910,"Malchijah","M",,,,
1911,"Malchijah","M",,,,
1912,"Malchijah","M",,,,
1913,"Malchijah","M",,,,
1914,"Malchijah","M",,,,
1915,"Malchiram","M",,,,
1916,"Malchus","M",,,,
1917,"Mallothi","M",,,,
1918,"Malluch","M",,,,
1919,"Malluch","M",,,,
1920,"Malluch","M",,,,
1921,"Malluch","M",,,,
1922,"Malluch","M",,,,
1923,"Mamre","M",,,,
1924,"man","M",,,,
1925,"man","M",,,,
1926,"Manaen","M",,,,
1927,"Manahath","M",,,,
1928,"Manasseh","M","1709 BC",,,
1929,"Manasseh","M",,,,
1930,"Manasseh","M","0677 BC","0642 BC","Jerusalem","Jerusalem"
1931,"Manasseh","M",,,,
1932,"Manasseh","M",,,,
1933,"Manoah","M",,,,
1934,"Maachah","F",,,,
1935,"Maon","M",,,,
1936,"Marsena","M",,,,
1937,"Martha","F",,,,
1938,"Mary","F",,,,
1939,"Mary","F",,,,
1940,"Mary","F",,,,
1941,"Mary","F",,,,
1942,"Mary","F",,,,
1943,"Magdalene","F",,,,
1944,"Mash","M",,,,
1945,"Massa","M",,,,
1946,"Matred","F",,,,
1947,"Matri","M",,,,
1948,"Mattan","M",,,,
1949,"Mattan","M",,,,
1950,"Zedekiah","M","0628 BC",,"Jerusalem","Babylon"
1951,"Mattaniah","M",,,,
1952,"Mattaniah","M",,,,
1953,"Mattaniah","M",,,,
1954,"Mattaniah","M",,,,
1955,"Mattaniah","M",,,,
1956,"Mattaniah","M",,,,
1957,"Mattaniah","M",,,,
1958,"Mattaniah","M",,,,
1959,"Mattaniah","M",,,,
1960,"Mattaniah","M",,,,
1961,"Mattatha","M",,,,
1962,"Mattathah","M",,,,
1963,"Mattathias","M",,,,
1964,"Mattathias","M",,,,
1965,"Mattenai","M",,,,
1966,"Mattenai","M",,,,
1967,"Mattenai","M",,,,
1968,"Matthan","M",,,,
1969,"Matthat","M",,,,
1970,"Matthat","M",,,,
1971,"Matthew","M",,,,
1972,"Matthias","M",,,,
1973,"Mattithiah","M",,,,
1974,"Mattithiah","M",,,,
1975,"Mattithiah","M",,,,
1976,"Mattithiah","M",,,,
1977,"Medad","M",,,,
1978,"Medan","M",,,,
1979,"Mehetabeel","M",,,,
1980,"Mehetabel","F",,,,
1981,"Mehida","M",,,,
1982,"Mehir","M",,,,
1983,"Mehujael","M",,,,
1984,"Mehuman","M",,,,
1985,"Mehunim","M",,,,
1986,"Melatiah","M",,,,
1987,"Melchi","M",,,,
1988,"Melchi","M",,,,
1989,"Melchiah","M",,,,
1990,"Malchi-shua","M",,,,
1991,"Melchisedec","M",,,,
1992,"Melea","M",,,,
1993,"Melech","M",,,,
1994,"Melzar","M",,,,
1995,"Memucan","M",,,,
1996,"Menahem","M",,,,
1997,"Menan","M",,,,
1998,"Meonothai","M",,,,
1999,"Mephibosheth","M",,,,
2000,"Mephibosheth","M",,,,
2001,"Merab","F",,,,
2002,"Meraiah","M",,,,
2003,"Meraioth","M",,,,
2004,"Merari","M",,,,
2005,"Mered","M",,,,
2006,"Meremoth","M",,,,
2007,"Meremoth","M",,,,
2008,"Meres","M",,,,
2009,"Mesha","M",,,,
2010,"Mesha","M",,,,
2011,"Mesha","M",,,,
2012,"Meshech","M",,,,
2013,"Meshelemiah","M",,,,
2014,"Meshezabeel","M",,,,
2015,"Meshezabeel","M",,,,
2016,"Meshezabeel","M",,,,
2017,"Meshillemith","M",,,,
2018,"Meshillemoth","M",,,,
2019,"Meshobab","M",,,,
2020,"Meshullam","M",,,,
2021,"Meshullam","M",,,,
2022,"Meshullam","M",,,,
2023,"Meshullam","M",,,,
2024,"Meshullam","M",,,,
2025,"Meshullam","M",,,,
2026,"Meshullam","M",,,,
2027,"Meshullam","M",,,,
2028,"Meshullam","M",,,,
2029,"Meshullam","M",,,,
2030,"Meshullam","M",,,,
2031,"Meshullam","M",,,,
2032,"Meshullam","M",,,,
2033,"Meshullam","M",,,,
2034,"Meshullam","M",,,,
2035,"Meshullam","M",,,,
2036,"Meshullam","M",,,,
2037,"Meshullam","M",,,,
2038,"Meshullam","M",,,,
2039,"Meshullam","M",,,,
2040,"Meshullemeth","F",,,,
2041,"Methusael","M",,,,
2042,"Methuselah","M","3254 BC","2285 BC",,
2043,"Mezahab","M",,,,
2044,"Miamin","M",,,,
2045,"Mibhar","M",,,,
2046,"Mibsam","M",,,,
2047,"Mibsam","M",,,,
2048,"Mibzar","M",,,,
2049,"Micah","F",,,,
2050,"Micah","F",,,,
2051,"Micha","M",,,,
2052,"Michah","F",,,,
2053,"Micah","F",,,,
2054,"Micaiah","M",,,,
2055,"Micah","F",,,,
2056,"Micha","M",,,,
2057,"Michaiah","M",,,,
2058,"Michael","M",,,,
2059,"Michael","M",,,,
2060,"Michael","M",,,,
2061,"Michael","M",,,,
2062,"Michael","M",,,,
2063,"Michael","M",,,,
2064,"Michael","M",,,,
2065,"Michael","M",,,,
2066,"Michael","M",,"0846 BC","Jerusalem","Jerusalem"
2067,"Michael","M",,,,
2068,"Michael","M",,,,
2069,"Michaiah","F",,,,
2070,"Michaiah","M",,,,
2071,"Michaiah","M",,,,
2072,"Michaiah","M",,,,
2073,"Michal","F",,,,
2074,"Michri","M",,,,
2075,"Midian","M",,,,
2076,"Mijamin","M",,,,
2077,"Miniamin","M",,,,
2078,"Mikloth","M",,,,
2079,"Mikloth","M",,,,
2080,"Mikneiah","M",,,,
2081,"Milalai","M",,,,
2082,"Milcah","F",,,,
2083,"Milcah","F",,,,
2084,"Milcom","M",,,,
2085,"Miniamin","M",,,,
2086,"Miniamin","M",,,,
2087,"Miriam","F","1368 BC","1240 BC","Egypt",
2088,"Miriam","F",,,,
2089,"Mirma","M",,,,
2090,"Mishael","M",,,,
2091,"Mishael","M",,,,
2092,"Meshach","M",,,,
2093,"Misham","M",,,,
2094,"Mishma","M",,,,
2095,"Mishma","M",,,,
2096,"Mishmannah","M",,,,
2097,"Mithredath","M",,,,
2098,"Mithredath","M",,,,
2099,"Mispereth","F",,,,
2100,"Mizraim","M",,,,
2101,"Mizzah","M",,,,
2102,"Mnason","M",,,,
2103,"Moab","M",,,,
2104,"Molech","M",,,,
2105,"Molid","M",,,,
2106,"Mordecai","M",,,,
2107,"Mordecai","M",,,,
2108,"Moses","M","1355 BC","1235 BC","Egypt","Mt. Nebo"
2109,"mother","F",,,,
2110,"mother","F",,,,
2111,"mother","F",,,,
2112,"mother","F",,,,
2113,"Moza","M",,,,
2114,"Moza","M",,,,
2115,"Shupham","M",,,,
2116,"Mushi","M",,,,
2117,"Naam","M",,,,
2118,"Naamah","F",,,,
2119,"Naamah","F",,,"Jerusalem",
2120,"Nohah","M",,,,
2121,"Naaman","M",,,,
2122,"Naaman","M",,,,
2123,"Naaman","M",,,,
2124,"Naarah","F",,,,
2125,"Naarai","M",,,,
2126,"Nabal","M",,,,
2127,"Naboth","F",,,,
2128,"Nadab","M",,,,
2129,"Nadab","M",,,,
2130,"Nadab","M",,,,
2131,"Nadab","M",,,,
2132,"Nagge","M",,,,
2133,"Naham","M",,,,
2134,"Nahamani","M",,,,
2135,"Naharai","M",,,,
2136,"Nahash","M",,,,
2137,"Nahash","M",,,,
2138,"Nahash","M",,,,
2139,"Nahash","M",,,,
2140,"Nahath","M",,,,
2141,"Nahbi","M",,,,
2142,"Nahor","M","2094 BC","1946 BC",,
2143,"Nahor","M","Bef 1995 BC",,,
2144,"Nahshon","M",,,,
2145,"Nahum","M",,,,
2146,"Nahath","M",,,,
2147,"Naomi","F",,,,
2148,"Naphish","M",,,,
2149,"Naphtali","M","Abt 1772 BC",,,
2150,"Naphtuhim","M",,,,
2151,"Narcissus","M",,,,
2152,"Nathan","M",,,"Jerusalem",
2153,"Nathan","M",,,,
2154,"Nathan","M",,,,
2155,"Nathan","M",,,,
2156,"Nathan","M",,,,
2157,"Nathan","M",,,,
2158,"Nathanael","M",,,,
2159,"Nathan-melech","M",,,,
2160,"Naum","M",,,,
2161,"Neariah","M",,,,
2162,"Neariah","M",,,,
2163,"Nebai","M",,,,
2164,"Nebajoth","F",,,,
2165,"Nebat","M",,,,
2166,"Nebo","M",,,,
2167,"Nebuchadnezzar","M",,,,
2168,"Nebushasban","M",,,,
2169,"Nebuzar-adan","M",,,,
2170,"Nedabiah","M",,,,
2171,"Nehemiah","M",,,,
2172,"Nehemiah","M",,,,
2173,"Nehemiah","M",,,,
2174,"Nehushta","F",,,,
2175,"Nekoda","F",,,,
2176,"Nekoda","F",,,,
2177,"Nemuel","M",,,,
2178,"Nepheg","M",,,,
2179,"Nepheg","M",,,"Jerusalem",
2180,"Nephusim","M",,,,
2181,"Ner","M",,,,
2182,"Nereus","M",,,,
2183,"Nergal-sharezer","M",,,,
2185,"Neri","M",,,,
2186,"Neriah","M",,,,
2188,"Nethaneel","M",,,,
2189,"Nethaneel","M",,,,
2190,"Nethaneel","M",,,,
2191,"Nethaneel","M",,,,
2192,"Nethaneel","M",,,,
2193,"Nethaneel","M",,,,
2194,"Nethaneel","M",,,,
2195,"Nethaneel","M",,,,
2196,"Nethaneel","M",,,,
2197,"Nethaneel","M",,,,
2198,"Nethaniah","M",,,,
2199,"Nethaniah","M",,,,
2200,"Nethaniah","M",,,,
2201,"Nethaniah","M",,,,
2202,"Neziah","M",,,,
2203,"Nicanor","M",,,,
2204,"Nicodemus","M",,,,
2205,"Nicolas","M",,,,
2206,"Nimrod","M",,,,
2207,"Nimshi","M",,,,
2208,"Noadiah","M",,,,
2209,"Noadiah","F",,,,
2210,"Noah","F","2885 BC","1935 BC",,
2211,"Noah","F",,,,
2212,"Nobah","M",,,,
2213,"Nogah","M",,,"Jerusalem",
2214,"Nun","M",,,,
2215,"Obadiah","M",,,,
2216,"Obadiah","M",,,,
2217,"Obadiah","M",,,,
2218,"Obadiah","M",,,,
2219,"Obadiah","M",,,,
2220,"Obadiah","M",,,,
2221,"Obadiah","M",,,,
2222,"Obadiah","M",,,,
2223,"Obadiah","M",,,,
2224,"Obadiah","M",,,,
2225,"Obadiah","M",,,,
2226,"Obadiah","M",,,,
2227,"Ebal","M",,,,
2228,"Obed","M",,,,
2229,"Obed","M",,,,
2230,"Obed","M",,,,
2231,"Obed","M",,,,
2232,"Obed","M",,,,
2233,"Shimei","M",,,,
2234,"Obil","M",,,,
2235,"Ocran","M",,,,
2236,"Oded","M",,,,
2237,"Oded","M",,,,
2238,"Og","M",,,,
2239,"Ohad","M",,,,
2240,"Ohel","M",,,,
2241,"Olympas","M",,,,
2242,"Omar","M",,,,
2243,"Omri","M",,,,
2244,"Omri","M",,,,
2245,"Omri","M",,,,
2246,"Omri","M",,,,
2247,"On","M",,,,
2248,"Onam","M",,,,
2249,"Onam","M",,,,
2250,"Onan","M",,,,
2251,"Onesimus","M",,,,
2252,"Onesiphorus","M",,,,
2253,"Ophir","M",,,,
2254,"Ophrah","M",,,,
2255,"Oreb","M",,,,
2256,"Oren","M",,,,
2257,"Orpah","F",,,"Moab",
2258,"Othni","M",,,,
2259,"Othniel","M",,,,
2260,"Ozem","M",,,,
2261,"Ozem","M",,,,
2262,"Paarai","M",,,,
2263,"Padon","M",,,,
2264,"Pagiel","M",,,,
2265,"Pahath-moab","M",,,,
2266,"Pahath-moab","M",,,,
2267,"Pahath-moab","M",,,,
2268,"Palal","M",,,,
2269,"Palti","M",,,,
2270,"Paltiel","M",,,,
2271,"Parmashta","M",,,,
2272,"Parmenas","M",,,,
2273,"Parnach","M",,,,
2274,"Parosh","M",,,,
2275,"Parosh","M",,,,
2276,"Parosh","M",,,,
2277,"Parshandatha","M",,,,
2278,"Paruah","M",,,,
2279,"Pasach","M",,,,
2280,"Paseah","M",,,,
2281,"Phaseah","M",,,,
2282,"Paseah","M",,,,
2283,"Pashur","M",,,,
2284,"Pashur","M",,,,
2285,"Pashur","M",,,,
2286,"Pashur","M",,,,
2287,"Pashur","M",,,,
2288,"Pathrusim","M",,,,
2289,"Patrobas","M",,,,
2290,"Pedahel","M",,,,
2291,"Pedahzur","M",,,,
2292,"Pedaiah","M",,,,
2293,"Pedaiah","M",,,,
2294,"Pedaiah","M",,,,
2295,"Pedaiah","M",,,,
2296,"Pedaiah","M",,,,
2297,"Pedaiah","M",,,,
2298,"Pedaiah","M",,,,
2299,"Pekah","M",,,,
2300,"Pekahiah","M",,,,
2301,"Pelaiah","M",,,,
2302,"Pelaiah","M",,,,
2303,"Pelaliah","M",,,,
2304,"Pelatiah","M",,,,
2305,"Pelatiah","M",,,,
2306,"Pelatiah","M",,,,
2307,"Pelatiah","M",,,,
2308,"Peleg","M","2185 BC","1940 BC",,
2309,"Pelet","M",,,,
2310,"Pelet","M",,,,
2311,"Peleth","M",,,,
2312,"Peleth","M",,,,
2313,"Peninnah","F",,,,
2314,"Penuel","M",,,,
2315,"Penuel","M",,,,
2316,"Peresh","M",,,,
2317,"Persis","F",,,,
2318,"Perida","M",,,,
2319,"Pethahiah","M",,,,
2320,"Pethahiah","M",,,,
2321,"Pethahiah","M",,,,
2322,"Pethahiah","M",,,,
2323,"Pethuel","M",,,,
2324,"Peulthai","M",,,,
2325,"Pallu","M",,,,
2326,"Phaltiel","M",,,,
2327,"Phanuel","F",,,,
2328,"Pharaoh","M",,,,
2329,"Pharaoh","M",,,,
2330,"Pharaoh","M",,,,
2331,"Pharaoh","M",,,,
2332,"Pharaoh","M",,,,
2333,"Pharaoh","M",,,,
2334,"Pharaoh","M",,,,
2335,"Pharaoh","M",,,,
2336,"Pharaoh","M",,,,
2337,"Pharaoh-nechoh","M",,,,
2338,"Pharez","M",,,,
2339,"Pharosh","M",,,,
2340,"Phebe","F",,,,
2341,"Phichol","M",,,,
2342,"Philemon","M",,,,
2343,"Philetus","M",,,,
2344,"Philip","M",,,,
2345,"Philip's","M",,,,
2346,"Philip","M",,,,
2347,"Philip","M",,,,
2348,"Philologus","M",,,,
2349,"Phinehas","M",,,,
2350,"Phinehas","M",,,,
2351,"Phinehas","M",,,,
2352,"Phlegon","M",,,,
2353,"Phurah","M",,,,
2354,"Phut","M",,,,
2355,"Puah","M",,,,
2356,"Phygellus","M",,,,
2357,"Pildash","M",,,,
2358,"Pileha","M",,,,
2359,"Piltai","M",,,,
2360,"Pinon","M",,,,
2361,"Piram","M",,,,
2362,"Pispah","M",,,,
2363,"Pithon","M",,,,
2364,"Pochereth","M",,,,
2365,"Pilate","M",,,,
2366,"Poratha","M",,,,
2367,"Festus","M",,,,
2368,"Potiphar","M",,,,
2369,"Poti-pherah","M",,,,
2370,"Priscilla","F",,,,
2371,"Prochorus","M",,,,
2372,"Puah","M",,,,
2373,"Puah","M",,,,
2374,"Publius","M",,,,
2375,"Pudens","M",,,,
2376,"Tilgath-pilneser","M",,,,
2377,"Putiel","M",,,,
2378,"Quartus","M",,,,
2379,"queen","F",,,,
2380,"Raamah","M",,,,
2381,"Rab-mag","M",,,,
2382,"Rabsaris","M",,,,
2383,"Rab-saris","M",,,,
2384,"Rabshakeh","M",,,,
2385,"Rachab","F",,,,
2386,"Rachel","F",,,,"On the way to Bethlehem (Ephrath)"
2387,"Raddai","M",,,,
2388,"Rahab","F",,,,
2389,"Raham","M",,,,
2390,"Rakem","M",,,,
2391,"Ram","M",,,,
2392,"Ram","M",,,,
2393,"Ram","M",,,,
2394,"Ramiah","M",,,,
2395,"Ramoth","M",,,,
2396,"Rephaiah","M",,,,
2397,"Raphu","M",,,,
2398,"Reaia","M",,,,
2399,"Reaiah","M",,,,
2400,"Reba","M",,,,
2401,"Rebekah","F","1875 BC",,,
2402,"Rechab","M",,,,
2403,"Rechab","M",,,,
2404,"Rechab","M",,,,
2405,"Rechah","M",,,,
2406,"Reelaiah","M",,,,
2407,"Regem","M",,,,
2408,"Regem-melech","M",,,,
2409,"Rehabiah","M",,,,
2410,"Rehob","M",,,,
2411,"Rehob","M",,,,
2412,"Rehoboam","M","0966 BC","0910 BC","Jerusalem","Jerusalem"
2413,"Rehum","M",,,,
2414,"Rehum","M",,,,
2415,"Rehum","M",,,,
2416,"Rehum","M",,,,
2417,"Rei","M",,,,
2418,"Rekem","M",,,,
2419,"Rekem","M",,,,
2420,"Remaliah","M",,,,
2421,"Rephael","M",,,,
2422,"Rephah","M",,,,
2423,"Rephaiah","M",,,,
2424,"Rephaiah","M",,,,
2425,"Rephaiah","M",,,,
2426,"Rephaiah","M",,,,
2427,"Resheph","M",,,,
2428,"Reu","M","2156 BC","1917 BC",,
2429,"Reuben","M","1777 BC",,,
2430,"Reuel","M",,,,
2431,"Jethro","M",,,,
2432,"Reuel","M",,,,
2433,"Reumah","F",,,,
2434,"Rezia","M",,,,
2435,"Rezin","M",,,,
2436,"Rezin","M",,,,
2437,"Rezon","M",,,,
2438,"Rhesa","M",,,,
2439,"Rhoda","F",,,,
2440,"Ribai","M",,,,
2441,"Rimmon","M",,,,
2442,"Rinnah","M",,,,
2443,"Riphath","M",,,,
2444,"Rizpah","F",,,,
2445,"Rohgah","M",,,,
2446,"Romamti-ezer","M",,,,
2447,"Rapha","M",,,,
2448,"Rufus","M",,,,
2449,"Rufus","M",,,,
2450,"Ruth","F","Bef 1115 BC",,"Moab",
2451,"Sabtah","M",,,,
2452,"Sabtecha","M",,,,
2453,"Sacar","M",,,,
2454,"Sadoc","M",,,,
2455,"Salah","M","2250 BC","1817 BC",,
2456,"Shealtiel","M",,,,
2457,"Salathiel","M",,,,
2458,"Sallai","M",,,,
2459,"Sallu","M",,,,
2460,"Sallu","M",,,,
2461,"Sallu","M",,,,
2462,"Salma","M",,,,
2463,"Salmon","M",,,,
2464,"Salome","F",,,,
2465,"Salu","M",,,,
2466,"Samgar-nebo","M",,,,
2467,"Samlah","M",,,,
2468,"Samson","M","1090 BC",,,
2469,"Samuel","M","1086 BC","1006 BC",,
2470,"Sanballat","M",,,,
2471,"Sippai","M",,,,
2472,"Sapphira","F",,,,
2473,"Sarah","F","1985 BC","1858 BC",,
2474,"Saraph","M",,,,
2475,"Sarsechim","M",,,,
2476,"Satan","M",,,,
2477,"Shaul","M",,,,
2478,"Saul","M","1054 BC","1004 BC",,"Mt. Gilboa"
2479,"Paul","M",,,,
2480,"Sceva","M",,,,
2481,"Seba","M",,,,
2482,"Secundus","M",,,,
2483,"Segub","M",,,,
2484,"Segub","M",,,,
2485,"Seir","M",,,,
2486,"Seled","M",,,,
2487,"Semachiah","M",,,,
2488,"Semei","M",,,,
2489,"Sennacherib","M",,,,
2490,"Senuah","M",,,,
2491,"Seorim","M",,,,
2492,"Serah","F",,,,
2493,"Shavsha","M",,,,
2494,"Seraiah","M",,,,
2495,"Seraiah","M",,,,
2496,"Seraiah","M",,,,
2497,"Seraiah","M",,,,
2498,"Seraiah","M",,,,
2499,"Seraiah","M",,,,
2500,"Seraiah","M",,,,
2501,"Sered","M",,,,
2502,"Paulus","M",,,,
2503,"Serug","M","2124 BC",,,
2504,"Seth","M","3811 BC","2899 BC","Eden",
2505,"Sethur","M",,,,
2506,"Shaaph","M",,,,
2507,"Shaaph","M",,,,
2508,"Shaashgaz","M",,,,
2509,"Shabbethai","M",,,,
2510,"Shabbethai","M",,,,
2511,"Shabbethai","M",,,,
2512,"Shachia","M",,,,
2513,"Shaharaim","M",,,,
2514,"Shallum","M",,,,
2515,"Shallum","M",,,,
2516,"Jehoahaz","M",,,"Jerusalem",
2517,"Shallum","M",,,,
2518,"Shallum","M",,,,
2519,"Shallum","M",,,,
2520,"Shallum","M",,,,
2521,"Shallum","M",,,,
2522,"Shallum","M",,,,
2523,"Shallum","M",,,,
2524,"Shallum","M",,,,
2525,"Shallum","M",,,,
2526,"Shallum","M",,,,
2527,"Shallun","M",,,,
2528,"Shalmai","M",,,,
2529,"Shalmaneser","M",,,,
2530,"Shama","M",,,,
2531,"Shamariah","M",,,"Jerusalem",
2532,"Shamed","M",,,,
2533,"Shamer","M",,,,
2534,"Shamgar","M",,,,
2535,"Shamhuth","M",,,,
2536,"Shamir","M",,,,
2537,"Shamma","M",,,,
2538,"Shammah","M",,,,
2539,"Shammah","M",,,,
2540,"Shammah","M",,,,
2541,"Shage","M",,,,
2542,"Shammai","M",,,,
2543,"Shammai","M",,,,
2544,"Shammai","M",,,,
2545,"Shammua","M",,,,
2546,"Shammua","M",,,,
2547,"Shammua","M",,,"Jerusalem",
2548,"Shamsherai","M",,,,
2549,"Shapham","M",,,,
2550,"Shaphan","M",,,,
2551,"Shaphan","M",,,,
2552,"Shaphat","M",,,,
2553,"Shaphat","M",,,,
2554,"Shaphat","M",,,,
2555,"Shaphat","M",,,,
2556,"Shaphat","M",,,,
2557,"Sharai","M",,,,
2558,"Sharar","M",,,,
2559,"Sharezer","M",,,,
2560,"Shashai","M",,,,
2561,"Shashak","M",,,,
2562,"Shaul","M",,,,
2563,"Shaul","M",,,,
2564,"Sheal","M",,,,
2565,"Sheariah","M",,,,
2566,"Shear-jashub","M",,,,
2567,"Sheba","M",,,,
2568,"Sheba","M",,,,
2569,"Sheba","M",,,,
2570,"Sheba","M",,"0975 BC",,"Abel of Beth-maacah"
2571,"Sheba","M",,,,
2572,"Shebaniah","M",,,,
2573,"Shebaniah","M",,,,
2574,"Shebaniah","M",,,,
2575,"Shebaniah","M",,,,
2576,"Sheber","M",,,,
2577,"Shebna","M",,,,
2578,"Shebna","M",,,,
2579,"Shubael","M",,,,
2580,"Shubael","M",,,,
2581,"Shecaniah","M",,,,
2582,"Shecaniah","M",,,,
2583,"Shechaniah","M",,,,
2584,"Shechaniah","M",,,,
2585,"Shechaniah","M",,,,
2586,"Shechaniah","M",,,,
2587,"Shechaniah","M",,,,
2588,"Shechem","M",,,,
2589,"Shechem","M",,,,
2590,"Shechem","M",,,,
2591,"Shedeur","M",,,,
2592,"Shehariah","M",,,,
2593,"Shelah","M",,,"Chezi",
2594,"Shelemiah","M",,,,
2595,"Shelemiah","M",,,,
2596,"Shelemiah","M",,,,
2597,"Shelemiah","M",,,,
2598,"Shelemiah","M",,,,
2599,"Shelemiah","M",,,,
2600,"Shelemiah","M",,,,
2601,"Shelemiah","M",,,,
2602,"Sheleph","M",,,,
2603,"Shelesh","M",,,,
2604,"Shelomi","M",,,,
2605,"Shelomith","F",,,,
2606,"Shelomith","F",,,,
2607,"Shelomith","F",,,,
2608,"Shelomoth","M",,,,
2609,"Shelomith","F",,,,
2610,"Shelomith","F",,,"Jerusalem",
2611,"Shelomith","F",,,,
2612,"Shelumiel","M",,,,
2613,"Shem","M","2385 BC","1785 BC",,
2614,"Shema","M",,,,
2615,"Shema","M",,,,
2616,"Shema","M",,,,
2617,"Shema","M",,,,
2618,"Shemaah","M",,,,
2619,"Shemaiah","M",,,,
2620,"Shemaiah","M",,,,
2621,"Shemaiah","M",,,,
2622,"Shemaiah","M",,,,
2623,"Shemaiah","M",,,,
2624,"Shemaiah","M",,,,
2625,"Shemaiah","M",,,,
2626,"Shemaiah","M",,,,
2627,"Shemaiah","M",,,,
2628,"Shemaiah","M",,,,
2629,"Shemaiah","M",,,,
2630,"Shemaiah","M",,,,
2631,"Shemaiah","M",,,,
2632,"Shemaiah","M",,,,
2633,"Shemaiah","M",,,,
2634,"Shemaiah","M",,,,
2635,"Shemaiah","M",,,,
2636,"Shemaiah","M",,,,
2637,"Shemaiah","M",,,,
2638,"Shemaiah","M",,,,
2639,"Shemaiah","M",,,,
2640,"Shemaiah","M",,,,
2641,"Shemaiah","M",,,,
2642,"Shemaiah","M",,,,
2643,"Shemaiah","M",,,,
2644,"Shemaiah","M",,,,
2645,"Shemariah","M",,,,
2646,"Shemariah","M",,,,
2647,"Shemariah","M",,,,
2648,"Shemeber","M",,,,
2649,"Shemer","M",,,,
2650,"Shemida","M",,,,
2651,"Shemiramoth","M",,,,
2652,"Shemiramoth","M",,,,
2653,"Shemuel","M",,,,
2654,"Shemuel","M",,,,
2655,"Shenazar","M",,,,
2656,"Shephathiah","M",,,,
2657,"Shephatiah","M",,,"Hebron",
2658,"Shephatiah","M",,,,
2659,"Shephatiah","M",,,,
2660,"Shephatiah","M",,"0846 BC","Jerusalem","Jerusalem"
2661,"Shephatiah","M",,,,
2662,"Shephatiah","M",,,,
2663,"Shephatiah","M",,,,
2664,"Shephatiah","M",,,,
2665,"Shepho","M",,,,
2666,"Sherah","F",,,,
2667,"Sherebiah","M",,,,
2668,"Sherebiah","M",,,,
2669,"Sheresh","M",,,,
2670,"Sherezer","M",,,,
2671,"Sheshai","M",,,,
2672,"Sheshan","M",,,,
2673,"Shethar","M",,,,
2674,"Shethar-boznai","M",,,,
2675,"Sheva","M",,,,
2676,"Shilhi","M",,,,
2677,"Shillem","M",,,,
2678,"Shiloni","M",,,,
2679,"Shilshah","M",,,,
2680,"Shimea","M",,,,
2681,"Shimea","M",,,,
2682,"Shimeah","M",,,,
2683,"Shimeath","M",,,,
2684,"Shimei","M",,,,
2685,"Shimei","M",,,,
2686,"Shimei","M",,,,
2687,"Shimei","M",,,,
2688,"Shimei","M",,,,
2689,"Shimei","M",,,,
2690,"Shimei","M",,,,
2691,"Shimei","M",,,,
2692,"Shimei","M",,,,
2693,"Shimei","M",,,,
2694,"Shimei","M",,,,
2695,"Shimei","M",,,,
2696,"Shimei","M",,,,
2697,"Shimeon","M",,,,
2698,"Shimhi","M",,,,
2699,"Shimei","M",,,,
2700,"Shammah","M",,,,
2701,"Shimon","M",,,,
2702,"Shimrath","M",,,,
2703,"Shimri","M",,,,
2704,"Shimri","M",,,,
2705,"Shimri","M",,,,
2706,"Shimron","M",,,,
2707,"Shimshai","M",,,,
2708,"Shinab","M",,,,
2709,"Shiphi","M",,,,
2710,"Shiphrah","F",,,,
2711,"Shiphtan","M",,,,
2712,"Shishak","M",,,,
2713,"Shitrai","M",,,,
2714,"Shiza","M",,,,
2715,"Shobab","M",,,"Jerusalem",
2716,"Shobab","M",,,,
2717,"Shobach","M",,,,
2718,"Shobai","M",,,,
2719,"Shobal","M",,,,
2720,"Shobal","M",,,,
2721,"Shobek","M",,,,
2722,"Shobi","M",,,,
2723,"Shoham","M",,,,
2724,"Shimrith","M",,,,
2725,"Shamer","M",,,,
2726,"Shua","F",,,,
2727,"Shuah","M",,,,
2728,"Shuah","F",,,,
2729,"Shuah","M",,,,
2730,"Ulla","M",,,,
2731,"Shuni","M",,,,
2732,"Shuppim","M",,,,
2733,"Shuppim","M",,,,
2734,"Shuthelah","M",,,,
2735,"Shuthelah","M",,,,
2736,"Sia","M",,,,
2737,"Sibbechai","M",,,,
2738,"Zidon","M",,,,
2739,"Sihon","M",,,,
2740,"Silas","M",,,,
2741,"Simeon","M","1776 BC",,,
2742,"Simeon","M",,,,
2743,"Simeon","M",,,,
2744,"Simeon","M",,,,
2745,"Peter","M",,,,
2746,"Simon","M",,,,
2747,"Simon","M",,,,
2748,"Simon","M",,,,
2749,"Simon","M",,,,
2750,"Simon","M",,,,
2751,"Simon","M",,,,
2752,"Simon","M",,,,
2753,"Simon","M",,,,
2754,"Simri","M",,,,
2755,"Sinite","M",,,,
2756,"Sisamai","M",,,,
2757,"Sisera","M",,,,
2758,"Sisera","M",,,,
2759,"sister","F",,,,
2760,"So","M",,,,
2761,"Sodi","M",,,,
2762,"Solomon","M","0989 BC","0926 BC","Jerusalem","Jerusalem"
2763,"son","M",,,,
2764,"son","M",,,,
2765,"son","M",,,,
2766,"son","M",,,,
2767,"son","M",,,,
2768,"son","M",,,,
2769,"sons","M",,,,
2770,"Sopater","M",,,,
2771,"Sophereth","F",,,,
2772,"Sosthenes","M",,,,
2773,"Sotai","M",,,,
2774,"Stachys","M",,,,
2801,"Stephanas","M",,,,
2802,"Stephen","M",,,,
2803,"Suah","M",,,,
2804,"Susanna","F",,,,
2805,"Susi","M",,,,
2806,"Syntyche","F",,,,
2807,"Tabbaoth","M",,,,
2808,"Tabeal","M",,,,
2809,"Tabeel","M",,,,
2810,"Dorcas","F",,,,
2811,"Tabrimon","M",,,,
2812,"Tahan","M",,,,
2813,"Tahan","M",,,,
2814,"Tahath","M",,,,
2815,"Tahath","M",,,,
2816,"Tahath","M",,,,
2817,"Tahpenes","F",,,,
2818,"Talmai","M",,,,
2819,"Talmai","M",,,,
2820,"Talmon","M",,,,
2821,"Tamar","F",,,,
2822,"Tamar","F",,,,
2823,"Tamar","F",,,"Jerusalem",
2824,"Tanhumeth","M",,,,
2825,"Taphath","F",,,,
2826,"Tappuah","M",,,,
2827,"Tahrea","M",,,,
2828,"Tarshish","M",,,,
2829,"Tarshish","M",,,,
2830,"Tartan","M",,,,
2831,"Tatnai","M",,,,
2832,"Tebah","M",,,,
2833,"Tebaliah","M",,,,
2834,"Tehinnah","M",,,,
2835,"Telah","M",,,,
2836,"Telem","M",,,,
2837,"Tema","M",,,,
2838,"Teman","M",,,,
2839,"Teman","M",,,,
2840,"Temeni","M",,,,
2841,"Terah","M","2065 BC","1860 BC",,
2842,"Teresh","M",,,,
2843,"Tertius","M",,,,
2844,"Tertullus","M",,,,
2845,"Thahash","M",,,,
2846,"Tamah","M",,,,
2847,"Tharshish","M",,,,
2848,"giant","M",,,,
2849,"Theophilus","M",,,,
2850,"Theudas","M",,,,
2851,"Thomas","M",,,,
2852,"Tiberius","M",,,,
2853,"Tibni","M",,,,
2854,"Tidal","M",,,,
2855,"Tikvah","M",,,,
2856,"Tikvah","M",,,,
2857,"Tilon","M",,,,
2858,"Timaeus","M",,,,
2859,"Timna","M",,,,
2860,"Timna","M",,,,
2861,"Timnah","M",,,,
2862,"Timon","M",,,,
2863,"Timotheus","M",,,,
2864,"Tiras","M",,,,
2865,"Tirhakah","M",,,,
2866,"Tirhanah","M",,,,
2867,"Tiria","M",,,,
2868,"Tirzah","F",,,,
2869,"Titus","M",,,,
2870,"Tobadonijah","M",,,,
2871,"Tobiah","M",,,,
2872,"Tobiah","M",,,,
2873,"Tobijah","M",,,,
2874,"Tobijah","M",,,,
2875,"Togarmah","M",,,,
2876,"Nahath","M",,,,
2877,"Toi","M",,,,
2878,"Tola","M",,,,
2879,"Tola","M",,,,
2880,"Trophimus","M",,,,
2881,"Tryphena","F",,,,
2882,"Tryphosa","F",,,,
2883,"Tubal","M",,,,
2884,"Tubal-cain","M",,,,
2885,"Tychicus","M",,,,
2886,"Tyrannus","M",,,,
2887,"Ucal","M",,,,
2888,"Uel","M",,,,
2889,"Ulam","M",,,,
2890,"Ulam","M",,,,
2891,"Unni","M",,,,
2892,"Unni","M",,,,
2893,"Ur","M",,,,
2894,"Urbane","M",,,,
2895,"Uri","M",,,,
2896,"Uri","M",,,,
2897,"Uri","M",,,,
2898,"Uriah","M",,,,
2899,"Urijah","M",,,,
2900,"Uriel","M",,,,
2901,"Uriel","M",,,,
2902,"Uriel","M",,,,
2903,"Urijah","M",,,,
2904,"Urijah","M",,,,
2905,"Urijah","M",,,,
2906,"Uthai","M",,,,
2907,"Uthai","M",,,,
2908,"Uz","M",,,,
2909,"Uz","M",,,,
2910,"Uzai","M",,,,
2911,"Uzal","M",,,,
2912,"Uzza","M",,,,
2913,"Uzza","M",,,,
2914,"Uzza","M",,,,
2915,"Uzza","M",,,,
2916,"Uzzah","M",,,,
2917,"Uzzi","M",,,,
2918,"Uzzi","M",,,,
2919,"Uzzi","M",,,,
2920,"Uzzi","M",,,,
2921,"Uzzi","M",,,,
2922,"Uzzi","M",,,,
2923,"Uzzi","M",,,,
2924,"Uzzia","M",,,,
2925,"Azariah","M",,,,
2926,"Uzziah","M",,,,
2927,"Uzziah","M",,,,
2928,"Uzziah","M",,,,
2929,"Uzziel","M",,,,
2930,"Uzziel","M",,,,
2931,"Uzziel","M",,,,
2932,"Uzziel","M",,,,
2933,"Uzziel","M",,,,
2934,"Uzziel","M",,,,
2935,"Vajezatha","M",,,,
2936,"Vaniah","M",,,,
2937,"Vashti","F",,,,
2938,"Vophsi","M",,,,
2939,"Wife of Caiaphas","F",,,,
2940,"wife","F",,,,
2941,"Wife of Jesse","F",,,,
2942,"Wife of Salathiel and Pedaiah","F",,,,
2943,"wife's","F",,,,
2944,"Zavan","M",,,,
2945,"Zabad","M",,,,
2946,"Zabad","M",,,,
2947,"Zabad","M",,,,
2948,"Zabad","M",,,,
2949,"Zabad","M",,,,
2950,"Zabad","M",,,,
2951,"Zabbai","M",,,,
2952,"Zabbai","M",,,,
2953,"Zabbud","M",,,,
2954,"Zabdi","M",,,,
2955,"Zabdi","M",,,,
2956,"Zabdi","M",,,,
2957,"Zabdiel","M",,,,
2958,"Zabdiel","M",,,,
2959,"Zabud","M",,,,
2960,"Zaccai","M",,,,
2961,"Zacchaeus","M",,,,
2962,"Zacchur","M",,,,
2963,"Zaccur","M",,,,
2964,"Zaccur","M",,,,
2965,"Zaccur","M",,,,
2966,"Zaccur","M",,,,
2967,"Zaccur","M",,,,
2968,"Zaccur","M",,,,
2969,"Zachariah","M",,,,
2970,"Zechariah","M",,,,
2971,"Zacharias","M",,,,
2972,"Zacher","M",,,,
2973,"Zadok","M",,,,
2974,"Zadok","M",,,,
2975,"Zadok","M",,,,
2976,"Zadok","M",,,,
2977,"Zadok","M",,,,
2978,"Zadok","M",,,,
2979,"Zadok","M",,,,
2980,"Zaham","M",,,"Jerusalem",
2981,"Zalaph","M",,,,
2982,"Ilai","M",,,,
2983,"Zalmunna","M",,,,
2984,"Zerah","M",,,,
2985,"Zatthu","M",,,,
2986,"Zattu","M",,,,
2987,"Zaza","M",,,,
2988,"Zebadiah","M",,,,
2989,"Zebadiah","M",,,,
2990,"Zebadiah","M",,,,
2991,"Zebadiah","M",,,,
2992,"Zebadiah","M",,,,
2993,"Zebadiah","M",,,,
2994,"Zebadiah","M",,,,
2995,"Zebadiah","M",,,,
2996,"Zebadiah","M",,,,
2997,"Zebah","M",,,,
2998,"Zebedee","M",,,,
2999,"Zebina","M",,,,
3000,"Zebudah","F",,,,
3001,"Zebul","M",,,,
3002,"Zebulun","M","1772 BC",,,
3003,"Zechariah","M",,,,
3004,"Zechariah","M",,,,
3005,"Zechariah","M",,,,
3006,"Zechariah","M",,,,
3007,"Zechariah","M",,,,
3008,"Zechariah","M",,,,
3009,"Zechariah","M",,,,
3010,"Zechariah","M",,"0846 BC","Jerusalem","Jerusalem"
3011,"Zacharias","M",,,,
3012,"Zechariah","M",,,,
3013,"Zechariah","M",,,,
3014,"Zechariah","M",,,,
3015,"Zechariah","M",,,,
3016,"Zechariah","M",,,,
3017,"Zechariah","M",,,,
3018,"Zechariah","M",,,,
3019,"Zechariah","M",,,,
3020,"Zechariah","M",,,,
3021,"Zechariah","M",,,,
3022,"Zechariah","M",,,,
3023,"Zechariah","M",,,,
3024,"Zechariah","M",,,,
3025,"Zechariah","M",,,,
3026,"Zechariah","M",,,,
3027,"Zechariah","M",,,,
3028,"Zechariah","M",,,,
3029,"Zedekiah","M",,,,
3030,"Zedekiah","M",,,,
3031,"Zedekiah","M",,,,
3032,"Zedekiah","M",,,,
3033,"Zeeb","M",,,,
3034,"Zelek","M",,,,
3035,"Zelophehad","M",,,,
3036,"Zemarite","M",,,,
3037,"Zemira","M",,,,
3038,"Zenas","M",,,,
3039,"Zephaniah","M",,,,
3040,"Zephaniah","M",,,,
3041,"Zephaniah","M",,,,
3042,"Zepho","M",,,,
3043,"Zerah","M",,,,
3044,"Zerah","M",,,,
3045,"Zerah","M",,,,
3046,"Zerah","M",,,,
3047,"Zerahiah","M",,,,
3048,"Zerahiah","M",,,,
3049,"Zeresh","F",,,,
3050,"Zereth","M",,,,
3051,"Izri","M",,,,
3052,"Zeror","M",,,,
3053,"Zeruah","F",,,,
3054,"Zerubbabel","M",,,,
3055,"Zeruiah","F",,,,
3056,"Zetham","M",,,,
3057,"Zethan","M",,,,
3058,"Zethar","M",,,,
3059,"Zia","M",,,,
3060,"Ziba","M",,,,
3061,"Zibeon","M",,,,
3062,"Zibeon","M",,,,
3063,"Zibia","M",,,,
3064,"Zibiah","F",,,,
3065,"Zichri","M",,,,
3066,"Zichri","M",,,,
3067,"Zichri","M",,,,
3068,"Zichri","M",,,,
3069,"Zichri","M",,,,
3070,"Zichri","M",,,,
3071,"Zichri","M",,,,
3072,"Zichri","M",,,,
3073,"Zichri","M",,,,
3074,"Zichri","M",,,,
3075,"Zichri","M",,,,
3076,"Zichri","M",,,,
3077,"Zidkijah","M",,,,
3078,"Ziha","M",,,,
3079,"Ziha","M",,,,
3080,"Zillah","F",,,,
3081,"Zilpah","F",,,,
3082,"Zilthai","M",,,,
3083,"Zilthai","M",,,,
3084,"Zimmah","M",,,,
3085,"Zimmah","M",,,,
3086,"Zimran","M",,,,
3087,"Zimri","M",,,,
3088,"Zimri","M",,,,
3089,"Zimri","M",,,,
3090,"Zizah","M",,,,
3091,"Ziph","M",,,,
3092,"Ziphah","M",,,,
3093,"Zephon","M",,,,
3094,"Zippor","M",,,,
3095,"Zipporah","F",,,,
3096,"Zithri","M",,,,
3097,"Ziza","M",,,,
3098,"Ziza","M",,,"Jerusalem",
3099,"Zoar","M",,,,
3100,"Zobebah","M",,,,
3101,"Zohar","M",,,,
3102,"Zerah","M",,,,
3103,"Zoheth","M",,,,
3104,"Zophah","M",,,,
3105,"Zophar","M",,,,
3106,"Zorobabel","M",,,,
3107,"Zuar","M",,,,
3108,"Zuph","M",,,,
3109,"Zur","M",,,,
3110,"Zur","M",,,,
3111,"Zur","M",,,,
3112,"Zuriel","M",,,,
3113,"Zurishaddai","M",,,,
