"Primary","RelatedTo","RelType"
508,2208,"father"
516,1244,"spouseOrConcubine"
516,619,"mother"
516,824,"spouseOrConcubine"
516,2005,"spouseOrConcubine"
516,2088,"mother"
516,2544,"mother"
519,2228,"father"
519,2450,"spouseOrConcubine"
523,2917,"father"
528,1429,"father"
530,703,"father"
531,1237,"father"
531,2940,"spouseOrConcubine"
532,269,"spouseOrConcubine"
532,2939,"spouseOrConcubine"
533,1191,"father"
534,1885,"father"
535,2455,"father"
538,67,"father"
538,295,"father"
538,568,"spouseOrConcubine"
538,1198,"spouseOrConcubine"
538,1207,"spouseOrConcubine"
538,1282,"father"
538,1408,"father"
538,1571,"father"
538,701,"father"
538,871,"spouseOrConcubine"
538,889,"father"
538,1842,"spouseOrConcubine"
538,2010,"father"
538,2113,"father"
538,2507,"father"
538,2576,"father"
538,2675,"father"
538,2716,"father"
538,2866,"father"
537,68,"father"
537,1047,"father"
537,615,"father"
537,2117,"father"
537,2259,"spouseOrConcubine"
914,237,"father"
914,308,"father"
914,316,"father"
914,1322,"father"
914,1361,"father"
914,1510,"father"
914,1534,"father"
914,748,"father"
914,2738,"father"
914,2755,"father"
914,3036,"father"
915,2562,"mother"
919,1666,"father"
919,1702,"father"
921,61,"father"
929,1982,"father"
930,1247,"father"
932,3029,"father"
940,2257,"spouseOrConcubine"
942,1103,"father"
945,1629,"spouseOrConcubine"
950,1940,"spouseOrConcubine"
951,2527,"father"
952,409,"father"
954,335,"spouseOrConcubine"
954,1710,"spouseOrConcubine"
954,1843,"spouseOrConcubine"
954,1877,"mother"
954,1928,"spouseOrConcubine"
957,81,"father"
958,272,"father"
958,1423,"father"
958,3100,"father"
962,1461,"father"
962,2206,"father"
962,2380,"father"
962,2451,"father"
962,2452,"father"
962,2481,"father"
965,2598,"father"
966,3040,"father"
973,1579,"father"
984,451,"mother"
985,2103,"mother"
986,1520,"spouseOrConcubine"
986,2338,"spouseOrConcubine"
986,2484,"mother"
987,1675,"spouseOrConcubine"
987,2872,"spouseOrConcubine"
989,416,"spouseOrConcubine"
989,994,"spouseOrConcubine"
989,2762,"spouseOrConcubine"
990,1,"spouseOrConcubine"
990,1062,"spouseOrConcubine"
990,1162,"spouseOrConcubine"
990,2349,"mother"
991,1680,"spouseOrConcubine"
991,2768,"spouseOrConcubine"
992,2872,"spouseOrConcubine"
993,1209,"mother"
993,682,"spouseOrConcubine"
993,1751,"spouseOrConcubine"
993,1813,"spouseOrConcubine"
1,33,"father"
1,228,"spouseOrConcubine"
1,990,"spouseOrConcubine"
1,1062,"father"
1,1162,"spouseOrConcubine"
1,649,"father"
1,2128,"father"
4,102,"father"
5,2599,"father"
6,1788,"father"
7,1786,"father"
9,124,"father"
14,118,"spouseOrConcubine"
14,1499,"spouseOrConcubine"
14,1512,"mother"
14,1735,"spouseOrConcubine"
16,342,"mother"
16,1478,"spouseOrConcubine"
16,1520,"spouseOrConcubine"
16,2124,"spouseOrConcubine"
16,2338,"spouseOrConcubine"
19,352,"father"
19,1797,"father"
20,149,"father"
20,1693,"father"
23,12,"father"
23,156,"father"
23,575,"father"
23,1292,"father"
23,1784,"father"
23,1844,"spouseOrConcubine"
23,2078,"father"
23,2131,"father"
23,2181,"father"
23,2972,"father"
23,3111,"father"
26,939,"mother"
26,994,"spouseOrConcubine"
26,903,"spouseOrConcubine"
26,2126,"spouseOrConcubine"
26,2941,"spouseOrConcubine"
27,207,"mother"
27,907,"spouseOrConcubine"
29,53,"spouseOrConcubine"
29,122,"mother"
29,2105,"mother"
29,2542,"spouseOrConcubine"
30,1472,"father"
30,678,"father"
30,1704,"father"
30,2022,"father"
30,2059,"father"
30,2571,"father"
30,3059,"father"
31,1603,"mother"
31,2119,"spouseOrConcubine"
31,2412,"spouseOrConcubine"
31,2531,"mother"
31,2762,"spouseOrConcubine"
31,2980,"mother"
32,1343,"father"
28,3112,"father"
38,318,"father"
38,567,"spouseOrConcubine"
43,154,"father"
43,1063,"father"
43,2916,"father"
45,2763,"father"
45,2825,"spouseOrConcubine"
46,401,"father"
51,523,"father"
53,29,"spouseOrConcubine"
53,122,"father"
53,2105,"father"
54,994,"spouseOrConcubine"
54,903,"spouseOrConcubine"
54,2657,"mother"
54,2941,"spouseOrConcubine"
56,1087,"father"
57,666,"father"
58,1348,"spouseOrConcubine"
58,616,"father"
58,620,"father"
58,630,"father"
58,1685,"father"
58,1782,"spouseOrConcubine"
58,1978,"father"
58,2075,"father"
58,2401,"spouseOrConcubine"
58,2473,"spouseOrConcubine"
58,2727,"father"
58,2841,"spouseOrConcubine"
58,3086,"father"
59,2823,"father"
59,2902,"spouseOrConcubine"
62,576,"father"
64,1181,"father"
65,1164,"father"
68,1778,"spouseOrConcubine"
68,2259,"spouseOrConcubine"
69,673,"mother"
69,1748,"mother"
69,1808,"spouseOrConcubine"
69,2041,"spouseOrConcubine"
73,1850,"father"
76,1464,"father"
70,236,"spouseOrConcubine"
70,761,"father"
78,13,"father"
78,533,"father"
78,1231,"spouseOrConcubine"
78,1324,"spouseOrConcubine"
78,2504,"father"
81,1988,"father"
84,1870,"father"
85,558,"father"
90,2556,"father"
105,152,"spouseOrConcubine"
105,2001,"spouseOrConcubine"
105,2478,"spouseOrConcubine"
110,2539,"father"
113,120,"father"
113,359,"father"
113,1225,"spouseOrConcubine"
113,803,"spouseOrConcubine"
113,804,"father"
113,1605,"spouseOrConcubine"
113,1631,"father"
116,1147,"father"
117,980,"father"
117,2937,"spouseOrConcubine"
119,782,"father"
118,14,"spouseOrConcubine"
118,1499,"spouseOrConcubine"
118,1512,"father"
118,1852,"father"
118,2970,"spouseOrConcubine"
121,783,"spouseOrConcubine"
121,1632,"father"
121,3064,"spouseOrConcubine"
123,1580,"father"
126,20,"father"
136,589,"father"
141,1287,"father"
142,580,"father"
142,806,"father"
143,152,"father"
143,2478,"spouseOrConcubine"
144,373,"father"
145,415,"spouseOrConcubine"
145,2762,"spouseOrConcubine"
150,1170,"father"
152,105,"spouseOrConcubine"
152,994,"spouseOrConcubine"
152,641,"mother"
152,1692,"mother"
152,1784,"spouseOrConcubine"
152,1990,"mother"
152,2001,"mother"
152,2073,"mother"
152,2326,"spouseOrConcubine"
152,2478,"spouseOrConcubine"
153,232,"mother"
153,994,"spouseOrConcubine"
153,903,"spouseOrConcubine"
153,2941,"spouseOrConcubine"
159,170,"father"
162,1090,"father"
165,2975,"father"
163,126,"father"
164,2973,"father"
166,363,"mother"
166,732,"spouseOrConcubine"
167,2947,"father"
177,2444,"father"
177,2478,"spouseOrConcubine"
190,2709,"father"
192,718,"father"
192,1815,"father"
193,1971,"father"
198,164,"father"
199,165,"father"
205,3022,"father"
206,1291,"father"
209,150,"father"
212,1891,"father"
215,1723,"father"
216,1428,"father"
214,375,"father"
214,750,"spouseOrConcubine"
214,882,"spouseOrConcubine"
219,1689,"father"
221,1878,"father"
227,2906,"father"
223,1155,"father"
224,2653,"father"
225,2290,"father"
226,2819,"father"
228,1,"spouseOrConcubine"
228,1162,"father"
228,2144,"father"
230,131,"father"
236,70,"spouseOrConcubine"
236,1368,"spouseOrConcubine"
236,761,"spouseOrConcubine"
236,1730,"father"
236,3000,"spouseOrConcubine"
239,1963,"father"
240,617,"father"
242,1,"father"
242,1162,"spouseOrConcubine"
242,1645,"spouseOrConcubine"
242,1820,"spouseOrConcubine"
242,2087,"father"
242,2108,"father"
242,3095,"spouseOrConcubine"
245,1525,"father"
246,2303,"father"
247,432,"spouseOrConcubine"
247,1216,"spouseOrConcubine"
247,1761,"mother"
248,172,"father"
248,1017,"father"
252,146,"father"
252,2671,"father"
252,2818,"father"
257,1858,"father"
258,2472,"spouseOrConcubine"
261,2534,"father"
269,532,"spouseOrConcubine"
269,2939,"father"
274,425,"father"
277,623,"father"
279,2370,"spouseOrConcubine"
284,2587,"father"
285,1308,"father"
285,1566,"father"
285,1944,"father"
285,2908,"father"
290,252,"father"
312,535,"father"
319,472,"father"
318,567,"spouseOrConcubine"
318,808,"father"
318,2676,"spouseOrConcubine"
323,1697,"father"
320,2992,"father"
330,334,"father"
330,1712,"father"
330,2199,"father"
330,2965,"father"
331,3069,"father"
329,1621,"father"
335,954,"spouseOrConcubine"
335,1206,"mother"
335,682,"spouseOrConcubine"
335,1710,"spouseOrConcubine"
335,1928,"mother"
335,2386,"spouseOrConcubine"
337,478,"father"
337,640,"father"
337,648,"father"
337,1616,"father"
337,2492,"father"
342,175,"father"
342,958,"father"
342,1226,"father"
342,1332,"father"
342,1478,"spouseOrConcubine"
342,1497,"father"
342,1610,"father"
342,2124,"spouseOrConcubine"
342,2840,"father"
342,3050,"father"
344,2497,"father"
352,2814,"father"
354,1520,"spouseOrConcubine"
354,843,"spouseOrConcubine"
354,2249,"mother"
355,1514,"father"
361,886,"father"
359,121,"mother"
359,793,"spouseOrConcubine"
359,803,"spouseOrConcubine"
359,808,"spouseOrConcubine"
359,811,"mother"
359,3064,"spouseOrConcubine"
363,2155,"father"
367,2550,"father"
368,895,"father"
377,1483,"father"
378,199,"father"
379,2494,"father"
539,1657,"father"
373,1669,"father"
375,882,"spouseOrConcubine"
375,1735,"father"
375,2974,"spouseOrConcubine"
546,435,"father"
548,1560,"father"
550,2173,"father"
551,564,"father"
551,520,"father"
551,1371,"father"
551,632,"father"
551,2218,"father"
551,2565,"father"
557,1608,"father"
557,2310,"father"
559,2454,"father"
561,868,"father"
562,2499,"father"
565,1450,"father"
568,538,"spouseOrConcubine"
568,1520,"spouseOrConcubine"
567,38,"spouseOrConcubine"
567,318,"spouseOrConcubine"
567,808,"mother"
569,1395,"father"
570,670,"father"
571,2270,"father"
574,431,"father"
581,2976,"father"
583,1480,"father"
587,2513,"spouseOrConcubine"
588,2061,"father"
589,1045,"father"
594,483,"father"
389,245,"father"
390,604,"father"
394,2415,"father"
398,2921,"father"
400,1130,"father"
409,1862,"father"
412,105,"father"
412,2001,"spouseOrConcubine"
414,1144,"mother"
414,1216,"spouseOrConcubine"
414,616,"spouseOrConcubine"
414,2401,"spouseOrConcubine"
414,2859,"spouseOrConcubine"
415,145,"spouseOrConcubine"
416,989,"spouseOrConcubine"
416,994,"spouseOrConcubine"
416,903,"spouseOrConcubine"
416,2119,"spouseOrConcubine"
416,2152,"mother"
416,2547,"mother"
416,2715,"mother"
416,2762,"mother"
416,2898,"spouseOrConcubine"
416,2941,"spouseOrConcubine"
421,3018,"father"
423,17,"father"
423,184,"father"
423,262,"father"
423,1115,"father"
423,1137,"father"
423,865,"father"
423,1635,"father"
423,2244,"father"
423,3037,"father"
425,3052,"father"
426,1338,"father"
432,247,"spouseOrConcubine"
432,1216,"spouseOrConcubine"
432,1761,"father"
432,3061,"spouseOrConcubine"
433,1329,"spouseOrConcubine"
433,1555,"father"
436,34,"father"
436,52,"father"
436,80,"father"
436,168,"father"
436,294,"father"
436,1236,"father"
436,1300,"father"
436,613,"father"
436,864,"father"
436,2121,"father"
436,2919,"father"
436,2931,"father"
443,794,"father"
444,3009,"father"
450,2307,"father"
439,231,"father"
463,158,"father"
463,293,"father"
463,336,"father"
463,423,"father"
463,436,"father"
463,1038,"father"
463,1298,"father"
463,1569,"father"
463,757,"father"
463,2115,"father"
463,2120,"father"
463,2447,"father"
465,434,"father"
466,593,"father"
469,330,"father"
474,2031,"father"
475,3016,"father"
476,2815,"father"
479,2422,"father"
479,2427,"father"
479,2666,"father"
480,82,"father"
480,155,"father"
480,281,"father"
480,644,"father"
480,856,"father"
480,1664,"father"
480,2063,"father"
480,2561,"father"
480,2988,"father"
478,1469,"father"
478,1908,"father"
485,2032,"father"
487,616,"spouseOrConcubine"
487,1803,"father"
487,2401,"father"
493,2570,"father"
502,973,"mother"
502,616,"spouseOrConcubine"
502,682,"spouseOrConcubine"
502,2149,"mother"
502,2401,"spouseOrConcubine"
504,160,"father"
504,458,"father"
504,933,"father"
504,1040,"father"
504,1601,"father"
504,2847,"father"
504,3057,"father"
507,551,"father"
507,1061,"father"
507,2396,"father"
993,2250,"mother"
993,2593,"mother"
993,2821,"spouseOrConcubine"
994,26,"spouseOrConcubine"
994,54,"spouseOrConcubine"
994,59,"father"
994,97,"father"
994,152,"spouseOrConcubine"
994,153,"spouseOrConcubine"
994,232,"father"
994,416,"spouseOrConcubine"
994,939,"father"
994,989,"spouseOrConcubine"
994,1036,"spouseOrConcubine"
994,1078,"father"
994,1089,"spouseOrConcubine"
994,1143,"father"
994,1148,"father"
994,1156,"father"
994,1163,"father"
994,1353,"spouseOrConcubine"
994,1584,"father"
994,655,"father"
994,728,"father"
994,869,"father"
994,1839,"spouseOrConcubine"
994,2073,"spouseOrConcubine"
994,2119,"spouseOrConcubine"
994,2152,"father"
994,2179,"father"
994,2213,"father"
994,2478,"spouseOrConcubine"
994,2547,"father"
994,2657,"father"
994,2715,"father"
994,2762,"father"
994,2819,"spouseOrConcubine"
994,2822,"father"
997,1810,"spouseOrConcubine"
999,350,"father"
999,1818,"father"
999,1819,"father"
1000,2764,"father"
1003,2637,"father"
1005,1933,"spouseOrConcubine"
1005,2468,"spouseOrConcubine"
1009,1329,"father"
1009,1555,"spouseOrConcubine"
1010,2605,"father"
1015,288,"father"
1015,2909,"father"
1016,937,"father"
1016,1217,"father"
1016,1492,"father"
1016,653,"father"
1019,1118,"father"
1020,2373,"father"
1021,1064,"father"
1022,1071,"father"
1024,1257,"spouseOrConcubine"
1027,1259,"father"
1030,1686,"father"
1030,2308,"father"
1036,994,"spouseOrConcubine"
1036,655,"mother"
1036,903,"spouseOrConcubine"
1036,2941,"spouseOrConcubine"
1039,128,"father"
1039,134,"father"
1039,1301,"father"
1039,2123,"father"
1039,2914,"father"
1042,2816,"father"
1047,1779,"father"
1044,2685,"father"
1046,1559,"father"
1060,2756,"father"
1061,1149,"father"
1061,825,"father"
1061,2890,"father"
1069,1968,"father"
1062,990,"spouseOrConcubine"
1062,2349,"father"
1062,2377,"spouseOrConcubine"
1072,1550,"father"
1072,2350,"father"
1074,47,"father"
1074,982,"father"
1074,2177,"father"
1075,31,"father"
1075,2412,"spouseOrConcubine"
1080,2437,"father"
1087,559,"father"
1088,1690,"father"
1085,1177,"spouseOrConcubine"
1085,791,"father"
1085,2174,"spouseOrConcubine"
1089,416,"father"
1089,994,"spouseOrConcubine"
1089,2898,"spouseOrConcubine"
1095,1674,"father"
1100,1680,"father"
1123,1709,"father"
1114,2409,"father"
1126,874,"father"
1134,940,"father"
1134,1897,"father"
1134,2147,"spouseOrConcubine"
1134,2257,"spouseOrConcubine"
1134,2450,"spouseOrConcubine"
1135,180,"father"
1135,256,"father"
1135,970,"father"
1135,1093,"father"
1135,1539,"father"
1135,1668,"father"
1135,2301,"father"
1144,197,"father"
1144,1281,"father"
1144,1776,"father"
1144,1794,"father"
1144,2242,"father"
1144,2838,"father"
1144,2859,"spouseOrConcubine"
1144,3042,"father"
1152,1676,"mother"
1152,2971,"spouseOrConcubine"
1157,2198,"father"
1155,2214,"father"
1162,1,"spouseOrConcubine"
1162,33,"mother"
1162,242,"spouseOrConcubine"
1162,990,"spouseOrConcubine"
1162,1062,"mother"
1162,649,"mother"
1162,1645,"spouseOrConcubine"
1162,2128,"mother"
1164,1069,"father"
1169,209,"father"
1170,3108,"father"
1171,319,"father"
1168,1400,"spouseOrConcubine"
1168,2313,"spouseOrConcubine"
1168,2469,"father"
1175,957,"father"
1176,861,"father"
1176,1725,"father"
1177,1085,"spouseOrConcubine"
1177,2174,"father"
1182,414,"father"
1182,1216,"spouseOrConcubine"
1185,480,"father"
1185,1031,"father"
1185,1473,"father"
1185,1511,"father"
1185,637,"father"
1185,1609,"father"
1185,1644,"father"
1185,2023,"father"
1185,2093,"father"
1185,2532,"father"
1185,2616,"father"
1185,2989,"father"
1190,157,"father"
1192,2042,"father"
1191,611,"father"
1193,534,"father"
1198,538,"spouseOrConcubine"
1198,1282,"mother"
1198,1408,"mother"
1198,1520,"spouseOrConcubine"
1198,2113,"mother"
1204,2229,"father"
1205,1401,"father"
1206,424,"father"
1206,479,"father"
1206,1059,"father"
1206,1240,"father"
1206,2734,"father"
1206,2812,"father"
1207,538,"spouseOrConcubine"
1207,1520,"spouseOrConcubine"
1207,1571,"mother"
1209,2821,"spouseOrConcubine"
1211,1175,"father"
1216,247,"spouseOrConcubine"
1216,414,"spouseOrConcubine"
1216,432,"spouseOrConcubine"
1216,1144,"father"
1216,1182,"spouseOrConcubine"
1216,630,"spouseOrConcubine"
1216,662,"father"
1216,913,"father"
1216,1761,"spouseOrConcubine"
1216,1793,"father"
1216,1887,"spouseOrConcubine"
1216,2430,"father"
1216,2859,"spouseOrConcubine"
1220,486,"father"
1220,2280,"father"
1220,2834,"father"
1221,2160,"father"
1223,376,"father"
1224,1288,"father"
1224,1430,"father"
1224,885,"father"
1224,1974,"father"
1224,2233,"father"
1224,3051,"father"
1225,113,"spouseOrConcubine"
1225,1605,"father"
1228,2863,"mother"
1231,13,"mother"
1231,78,"spouseOrConcubine"
1231,533,"mother"
1231,1324,"spouseOrConcubine"
1231,2504,"mother"
1234,2125,"father"
1237,2940,"spouseOrConcubine"
1238,179,"father"
1238,503,"father"
1238,2944,"father"
1244,516,"spouseOrConcubine"
1244,1202,"father"
1244,1544,"spouseOrConcubine"
1244,715,"father"
1244,909,"father"
1244,2005,"father"
1248,1722,"father"
1248,1941,"father"
1249,955,"father"
1249,2692,"father"
1250,1529,"father"
1250,2525,"father"
1251,1544,"father"
1251,2005,"spouseOrConcubine"
1251,2133,"father"
1252,266,"father"
1252,1218,"father"
1252,1923,"father"
1253,1812,"father"
1253,1937,"father"
1253,1939,"father"
1254,1653,"father"
1254,2154,"father"
1255,1409,"father"
1255,1467,"father"
1255,2607,"father"
1256,1339,"spouseOrConcubine"
1256,2332,"spouseOrConcubine"
1256,2759,"father"
1256,2817,"father"
1257,1024,"spouseOrConcubine"
1262,296,"father"
1262,311,"father"
1262,1214,"father"
1262,1235,"father"
1262,1351,"father"
1262,2731,"father"
1262,3093,"father"
1266,1996,"father"
1274,2624,"father"
1285,2765,"father"
1291,966,"father"
1294,220,"father"
1296,2072,"father"
1298,1039,"father"
1299,2684,"father"
1302,2579,"father"
1303,1691,"father"
1305,1823,"father"
1305,2699,"father"
1314,41,"father"
1314,906,"father"
1314,1734,"father"
1315,22,"father"
1319,735,"father"
1317,348,"father"
1317,1481,"father"
1317,1496,"father"
1317,763,"father"
1317,2589,"father"
1317,2650,"father"
1318,839,"father"
1320,2853,"father"
1324,78,"father"
1324,78,"spouseOrConcubine"
1324,1231,"father"
1324,1231,"spouseOrConcubine"
1325,2688,"father"
1329,433,"spouseOrConcubine"
1329,1555,"spouseOrConcubine"
1329,1613,"mother"
1329,1827,"mother"
1329,1829,"mother"
1328,338,"father"
1328,2443,"father"
1328,2875,"father"
1331,9,"father"
1335,855,"father"
1336,1382,"father"
1336,2172,"father"
1337,772,"father"
1339,1256,"spouseOrConcubine"
1339,1297,"father"
1339,2759,"spouseOrConcubine"
1342,1946,"spouseOrConcubine"
1342,1980,"spouseOrConcubine"
1344,208,"father"
1348,58,"spouseOrConcubine"
1348,630,"mother"
1348,2841,"spouseOrConcubine"
1350,2045,"father"
1352,326,"father"
1353,97,"mother"
1353,994,"spouseOrConcubine"
1353,903,"spouseOrConcubine"
1353,2941,"spouseOrConcubine"
1354,1673,"father"
1358,2524,"father"
1359,914,"father"
1359,962,"father"
1359,2100,"father"
1359,2354,"father"
1360,77,"father"
1360,299,"father"
1360,300,"father"
1360,305,"father"
1360,347,"father"
1360,971,"father"
1360,2271,"father"
1360,2277,"father"
1360,2366,"father"
1360,2935,"father"
1360,3049,"spouseOrConcubine"
1362,1360,"father"
1362,3049,"spouseOrConcubine"
1363,845,"father"
1363,1907,"father"
1364,25,"mother"
1364,638,"mother"
1364,1884,"mother"
1365,2588,"father"
1366,2962,"father"
1368,236,"spouseOrConcubine"
1368,761,"spouseOrConcubine"
1368,1730,"spouseOrConcubine"
1368,1950,"mother"
1368,2516,"mother"
1379,816,"father"
1384,310,"father"
1384,883,"father"
1384,2216,"father"
1384,2304,"father"
1384,2423,"father"
1384,2583,"father"
1396,3032,"father"
1397,2601,"father"
1400,1168,"spouseOrConcubine"
1400,874,"spouseOrConcubine"
1400,2469,"mother"
1407,618,"father"
1407,1830,"father"
1407,2082,"father"
1407,2143,"spouseOrConcubine"
1408,1283,"father"
1413,2934,"father"
1414,2855,"father"
1417,1912,"father"
1421,690,"father"
1423,115,"father"
1424,754,"father"
1425,1930,"spouseOrConcubine"
1425,2040,"father"
1427,1541,"father"
1428,1918,"father"
1429,565,"father"
1436,398,"father"
1439,1459,"father"
1450,2623,"father"
1463,454,"father"
1464,952,"father"
1469,1562,"father"
1469,729,"father"
1469,2725,"father"
1469,2726,"father"
1470,689,"spouseOrConcubine"
1476,1796,"father"
1476,2419,"father"
1476,2614,"father"
1476,2826,"father"
1475,200,"father"
1475,698,"father"
1475,834,"father"
1475,860,"father"
1478,16,"spouseOrConcubine"
1478,342,"spouseOrConcubine"
1478,958,"mother"
1478,1226,"mother"
1478,1520,"spouseOrConcubine"
1478,1610,"mother"
1478,3050,"mother"
1483,1060,"father"
1484,1715,"spouseOrConcubine"
1484,1938,"father"
1486,1073,"father"
1490,524,"father"
1490,1102,"father"
1490,1311,"father"
1490,1380,"father"
1490,1386,"father"
1490,1564,"father"
1490,867,"father"
1490,1726,"father"
1490,1893,"father"
1490,1917,"father"
1490,1952,"father"
1490,2446,"father"
1490,2580,"father"
1490,2932,"father"
1494,417,"father"
1495,511,"father"
1496,3035,"father"
1499,14,"spouseOrConcubine"
1499,118,"spouseOrConcubine"
1499,1512,"spouseOrConcubine"
1499,1930,"mother"
1499,2040,"spouseOrConcubine"
1504,291,"father"
1504,1505,"father"
1504,1507,"spouseOrConcubine"
1504,2345,"father"
1504,2346,"father"
1505,1507,"spouseOrConcubine"
1507,983,"mother"
1507,1504,"spouseOrConcubine"
1507,1505,"spouseOrConcubine"
1507,2345,"spouseOrConcubine"
1509,2766,"father"
1512,1499,"spouseOrConcubine"
1512,1930,"father"
1512,2040,"spouseOrConcubine"
1515,2811,"father"
1520,16,"spouseOrConcubine"
1520,342,"father"
1520,354,"spouseOrConcubine"
1520,568,"spouseOrConcubine"
1520,538,"father"
1520,986,"spouseOrConcubine"
1520,1198,"spouseOrConcubine"
1520,1207,"spouseOrConcubine"
1520,1478,"spouseOrConcubine"
1520,843,"father"
1520,871,"spouseOrConcubine"
1520,1842,"spouseOrConcubine"
1520,1877,"spouseOrConcubine"
1520,2124,"spouseOrConcubine"
1520,2391,"father"
1520,2484,"father"
1522,48,"father"
1522,2483,"father"
1525,216,"father"
1529,853,"father"
1523,1084,"father"
1524,379,"father"
1524,1295,"father"
1530,10,"father"
1535,206,"father"
1541,2024,"father"
1543,1604,"mother"
1543,1643,"mother"
1543,1900,"mother"
1543,2011,"mother"
1543,2089,"mother"
1543,2512,"mother"
1543,2513,"spouseOrConcubine"
1543,3063,"mother"
1544,1219,"mother"
1544,1244,"spouseOrConcubine"
1544,1280,"mother"
1544,2005,"spouseOrConcubine"
1553,2552,"father"
1554,1526,"father"
1554,2754,"father"
1554,2833,"father"
1554,3006,"father"
1555,1009,"spouseOrConcubine"
1555,1329,"spouseOrConcubine"
1555,1613,"father"
1555,1827,"father"
1555,1829,"father"
1557,667,"father"
1562,196,"father"
1562,601,"father"
1562,2603,"father"
1562,3104,"father"
1563,769,"father"
1563,2530,"father"
1567,2515,"spouseOrConcubine"
1567,2855,"spouseOrConcubine"
1574,2426,"father"
1571,1239,"father"
1571,1412,"father"
1571,1466,"father"
1571,1590,"father"
1571,629,"father"
1571,1612,"father"
1571,2314,"father"
1571,2462,"father"
1571,2720,"father"
1571,2895,"father"
1573,2767,"father"
1575,1532,"father"
1576,30,"father"
1577,584,"father"
1581,55,"mother"
1581,1185,"mother"
1581,2513,"spouseOrConcubine"
1586,2432,"father"
1592,3045,"father"
1595,475,"father"
1591,151,"father"
1600,1378,"father"
596,609,"father"
597,2054,"father"
598,2017,"father"
600,2977,"father"
602,1798,"father"
604,2245,"father"
605,2966,"father"
607,1570,"father"
607,1843,"father"
607,1877,"spouseOrConcubine"
607,2732,"father"
611,1983,"father"
616,414,"spouseOrConcubine"
616,487,"spouseOrConcubine"
616,502,"spouseOrConcubine"
616,1216,"father"
616,682,"father"
616,1761,"spouseOrConcubine"
616,1813,"spouseOrConcubine"
616,1887,"spouseOrConcubine"
616,2386,"spouseOrConcubine"
616,2401,"spouseOrConcubine"
616,3081,"spouseOrConcubine"
617,1894,"father"
617,2566,"father"
619,1471,"father"
619,824,"spouseOrConcubine"
619,836,"father"
619,846,"father"
623,2672,"father"
624,464,"father"
624,3103,"father"
625,2162,"father"
625,2305,"father"
625,2424,"father"
625,2930,"father"
630,79,"father"
630,1025,"father"
630,1216,"spouseOrConcubine"
630,1341,"father"
630,911,"father"
630,1769,"father"
630,1770,"father"
630,1887,"father"
630,1945,"father"
630,2046,"father"
630,2094,"father"
630,2148,"father"
630,2164,"father"
630,2837,"father"
633,2994,"father"
645,1638,"father"
645,2355,"father"
645,2706,"father"
645,2878,"father"
647,1706,"father"
650,1863,"father"
654,280,"father"
654,841,"father"
654,2362,"father"
658,1795,"father"
658,2178,"father"
658,2608,"father"
658,3065,"father"
659,627,"father"
659,1652,"father"
659,2062,"father"
659,2217,"father"
664,1070,"father"
671,462,"father"
671,1587,"father"
671,2723,"father"
671,2964,"father"
674,2514,"father"
682,335,"spouseOrConcubine"
682,337,"father"
682,463,"father"
682,502,"spouseOrConcubine"
682,973,"father"
682,993,"spouseOrConcubine"
682,1012,"father"
682,1262,"father"
682,645,"father"
682,1710,"father"
682,1751,"father"
682,1803,"spouseOrConcubine"
682,1813,"spouseOrConcubine"
682,1820,"father"
682,2149,"father"
682,2386,"spouseOrConcubine"
682,2429,"father"
682,2741,"father"
682,2821,"spouseOrConcubine"
682,3002,"father"
682,3081,"spouseOrConcubine"
683,1715,"father"
683,1938,"spouseOrConcubine"
684,908,"father"
684,1695,"father"
689,1470,"spouseOrConcubine"
690,174,"father"
690,1805,"father"
691,3084,"father"
701,1199,"father"
701,1306,"father"
701,1736,"father"
701,2309,"father"
701,2407,"father"
701,2506,"father"
703,890,"father"
707,84,"father"
710,2107,"father"
712,112,"father"
724,1987,"father"
726,1328,"father"
726,744,"father"
726,1880,"father"
726,1882,"father"
726,2012,"father"
726,2864,"father"
726,2883,"father"
729,343,"father"
729,506,"father"
729,2279,"father"
730,1192,"father"
732,166,"spouseOrConcubine"
732,363,"father"
732,2672,"spouseOrConcubine"
735,1576,"father"
736,2769,"father"
744,1018,"father"
744,1154,"father"
744,1789,"father"
744,2828,"father"
746,1901,"father"
747,3028,"father"
750,214,"spouseOrConcubine"
750,375,"mother"
750,783,"spouseOrConcubine"
750,882,"spouseOrConcubine"
750,1632,"spouseOrConcubine"
751,190,"father"
757,504,"father"
761,236,"spouseOrConcubine"
761,1368,"spouseOrConcubine"
761,1730,"mother"
761,1930,"spouseOrConcubine"
761,2040,"spouseOrConcubine"
761,3000,"spouseOrConcubine"
762,1274,"father"
764,333,"father"
764,2867,"father"
764,3091,"father"
764,3092,"father"
765,540,"father"
771,1655,"father"
771,3056,"father"
777,2224,"father"
778,2586,"father"
782,185,"father"
782,556,"father"
782,3089,"father"
783,121,"spouseOrConcubine"
783,214,"mother"
783,750,"spouseOrConcubine"
783,1632,"spouseOrConcubine"
783,3064,"spouseOrConcubine"
784,1633,"father"
787,634,"father"
791,1558,"father"
791,749,"father"
791,1915,"father"
791,2170,"father"
791,2293,"father"
791,2456,"father"
791,2655,"father"
791,2942,"spouseOrConcubine"
791,3030,"father"
792,439,"father"
793,359,"spouseOrConcubine"
793,803,"spouseOrConcubine"
793,811,"spouseOrConcubine"
793,3011,"father"
797,752,"father"
803,113,"spouseOrConcubine"
803,121,"father"
803,359,"spouseOrConcubine"
803,793,"spouseOrConcubine"
803,811,"father"
803,3064,"spouseOrConcubine"
808,359,"spouseOrConcubine"
808,381,"father"
808,382,"father"
808,773,"father"
808,803,"father"
808,2066,"father"
808,2660,"father"
808,3010,"father"
809,817,"father"
811,793,"spouseOrConcubine"
815,893,"father"
818,377,"father"
817,784,"father"
824,516,"spouseOrConcubine"
824,1471,"mother"
824,619,"spouseOrConcubine"
824,836,"mother"
824,846,"mother"
824,2005,"spouseOrConcubine"
828,444,"father"
835,1158,"father"
840,537,"father"
840,1778,"father"
843,137,"father"
843,354,"spouseOrConcubine"
843,525,"father"
843,2249,"father"
843,2256,"father"
843,2261,"father"
843,2392,"father"
855,668,"father"
848,1368,"father"
848,1730,"spouseOrConcubine"
869,1888,"father"
869,2412,"spouseOrConcubine"
871,538,"spouseOrConcubine"
871,1520,"spouseOrConcubine"
872,35,"father"
872,2129,"father"
873,2969,"father"
875,360,"father"
875,1081,"father"
875,731,"father"
875,2548,"father"
875,2592,"father"
875,3068,"father"
876,1585,"father"
877,72,"father"
878,1661,"father"
878,2990,"father"
879,371,"father"
880,383,"father"
874,1168,"father"
874,1400,"spouseOrConcubine"
874,2313,"spouseOrConcubine"
881,42,"father"
882,214,"spouseOrConcubine"
882,375,"spouseOrConcubine"
882,750,"spouseOrConcubine"
882,1735,"mother"
884,650,"father"
890,2060,"father"
893,1681,"father"
896,1741,"father"
897,1242,"father"
901,3005,"father"
903,26,"spouseOrConcubine"
903,44,"father"
903,54,"spouseOrConcubine"
903,153,"spouseOrConcubine"
903,416,"spouseOrConcubine"
903,994,"father"
903,1036,"spouseOrConcubine"
903,1075,"father"
903,1129,"father"
903,1353,"spouseOrConcubine"
903,1839,"spouseOrConcubine"
903,2073,"spouseOrConcubine"
903,2189,"father"
903,2260,"father"
903,2387,"father"
903,2700,"father"
903,2941,"spouseOrConcubine"
907,27,"spouseOrConcubine"
907,207,"father"
907,2138,"spouseOrConcubine"
907,2941,"spouseOrConcubine"
1605,113,"spouseOrConcubine"
1605,120,"mother"
1605,804,"mother"
1605,2243,"spouseOrConcubine"
1622,1592,"father"
1625,1033,"father"
1627,1626,"father"
1628,1749,"father"
1629,945,"spouseOrConcubine"
1630,1314,"father"
1632,214,"father"
1632,750,"spouseOrConcubine"
1632,783,"spouseOrConcubine"
1633,873,"father"
1639,837,"father"
1639,1780,"father"
1639,1783,"father"
1645,1,"mother"
1645,242,"spouseOrConcubine"
1645,1162,"spouseOrConcubine"
1645,1790,"spouseOrConcubine"
1645,2087,"mother"
1645,2108,"mother"
1645,3095,"spouseOrConcubine"
1646,2036,"father"
1649,2622,"father"
1650,2615,"father"
1647,1490,"father"
1663,522,"father"
1669,378,"father"
1672,386,"father"
1675,987,"spouseOrConcubine"
1675,2031,"spouseOrConcubine"
1680,991,"spouseOrConcubine"
1680,1698,"father"
1680,2768,"father"
1681,1100,"father"
1683,76,"father"
1685,999,"father"
1685,2569,"father"
1686,39,"father"
1686,191,"father"
1686,1011,"father"
1686,1345,"father"
1686,1462,"father"
1686,1465,"father"
1686,842,"father"
1686,1640,"father"
1686,2227,"father"
1686,2253,"father"
1686,2568,"father"
1686,2602,"father"
1686,2911,"father"
1687,264,"father"
1687,2745,"father"
1687,2943,"spouseOrConcubine"
1690,1719,"father"
1695,2312,"father"
1695,2987,"father"
1696,1028,"father"
1698,687,"father"
1700,369,"father"
1700,1316,"father"
1700,1383,"father"
1700,1755,"father"
1700,1848,"father"
1700,2081,"father"
1700,2197,"father"
1700,2640,"father"
1700,3026,"father"
1692,1999,"father"
1706,3070,"father"
1707,1123,"father"
1709,1211,"father"
1710,335,"spouseOrConcubine"
1710,954,"spouseOrConcubine"
1710,1206,"father"
1710,1928,"father"
1710,2369,"spouseOrConcubine"
1715,1484,"spouseOrConcubine"
1715,719,"father"
1715,905,"father"
1715,1721,"father"
1715,1756,"father"
1715,1938,"spouseOrConcubine"
1715,2747,"father"
1717,724,"father"
1718,2488,"father"
1719,1750,"father"
1711,1598,"father"
1730,1085,"father"
1730,1368,"spouseOrConcubine"
1730,848,"spouseOrConcubine"
1730,1667,"father"
1730,1950,"father"
1730,2174,"spouseOrConcubine"
1730,2292,"spouseOrConcubine"
1730,2516,"father"
1730,3000,"spouseOrConcubine"
1732,819,"father"
1735,14,"spouseOrConcubine"
1735,118,"father"
1747,899,"father"
1749,1718,"father"
1750,2743,"father"
1751,993,"spouseOrConcubine"
1751,1209,"father"
1751,2250,"father"
1751,2338,"father"
1751,2593,"father"
1751,2728,"spouseOrConcubine"
1751,2821,"spouseOrConcubine"
1751,2984,"father"
1761,1216,"spouseOrConcubine"
1761,616,"spouseOrConcubine"
1761,662,"mother"
1761,913,"mother"
1761,1793,"mother"
1761,2401,"spouseOrConcubine"
1767,898,"father"
1773,286,"father"
1775,1432,"father"
1778,68,"spouseOrConcubine"
1778,2259,"father"
1778,2496,"father"
1782,58,"spouseOrConcubine"
1782,620,"mother"
1782,1685,"mother"
1782,1978,"mother"
1782,2075,"mother"
1782,2727,"mother"
1782,2841,"spouseOrConcubine"
1782,3086,"mother"
1785,844,"father"
1787,2696,"father"
1784,152,"spouseOrConcubine"
1784,2444,"spouseOrConcubine"
1784,2478,"father"
1788,1224,"father"
1790,242,"father"
1790,1475,"father"
1790,658,"father"
1790,1645,"spouseOrConcubine"
1790,2929,"father"
1791,2297,"father"
1792,114,"father"
1795,19,"father"
1795,351,"father"
1795,1167,"father"
1800,2899,"father"
1802,223,"father"
1803,682,"spouseOrConcubine"
1803,1813,"father"
1803,2386,"father"
1804,1092,"father"
1807,2073,"spouseOrConcubine"
1807,2326,"father"
1808,69,"spouseOrConcubine"
1808,673,"father"
1808,1748,"father"
1808,2118,"father"
1808,2884,"father"
1808,3080,"spouseOrConcubine"
1809,2210,"father"
1810,997,"spouseOrConcubine"
1813,993,"spouseOrConcubine"
1813,1012,"mother"
1813,616,"spouseOrConcubine"
1813,645,"mother"
1813,682,"spouseOrConcubine"
1813,1751,"mother"
1813,1820,"mother"
1813,2401,"spouseOrConcubine"
1813,2429,"mother"
1813,2741,"mother"
1813,2821,"spouseOrConcubine"
1813,3002,"mother"
1820,242,"spouseOrConcubine"
1820,1305,"father"
1820,1645,"father"
1820,1790,"father"
1820,2004,"father"
1821,1969,"father"
1822,1970,"father"
1824,2689,"father"
1823,691,"father"
1828,1228,"mother"
1830,451,"father"
1830,984,"father"
1830,985,"father"
1830,2103,"father"
1831,1487,"father"
1831,1552,"father"
1839,59,"mother"
1839,994,"spouseOrConcubine"
1839,903,"spouseOrConcubine"
1839,2941,"spouseOrConcubine"
1842,538,"spouseOrConcubine"
1842,1520,"spouseOrConcubine"
1842,2507,"mother"
1842,2576,"mother"
1842,2675,"mother"
1842,2866,"mother"
1843,954,"spouseOrConcubine"
1843,1877,"spouseOrConcubine"
1843,1928,"spouseOrConcubine"
1843,2316,"mother"
1843,2669,"mother"
1844,12,"mother"
1844,23,"spouseOrConcubine"
1844,156,"mother"
1844,575,"mother"
1844,1292,"mother"
1844,1784,"mother"
1844,2078,"mother"
1844,2131,"mother"
1844,2181,"mother"
1844,2972,"mother"
1844,3052,"spouseOrConcubine"
1844,3111,"mother"
1845,1372,"father"
1846,2659,"father"
1841,38,"mother"
1841,365,"mother"
1841,2119,"spouseOrConcubine"
1841,2412,"spouseOrConcubine"
1841,2610,"mother"
1841,2762,"spouseOrConcubine"
1841,3098,"mother"
1858,542,"father"
1863,1791,"father"
1866,3039,"father"
1867,3031,"father"
1868,2186,"father"
1871,2132,"father"
1876,1309,"father"
1877,986,"father"
1877,1317,"father"
1877,1364,"father"
1877,1520,"spouseOrConcubine"
1877,607,"spouseOrConcubine"
1877,1843,"spouseOrConcubine"
1877,2316,"father"
1877,2669,"father"
1885,730,"father"
1886,2663,"father"
1887,1216,"spouseOrConcubine"
1887,616,"spouseOrConcubine"
1887,2401,"spouseOrConcubine"
1887,2430,"mother"
1888,2119,"spouseOrConcubine"
1888,2412,"spouseOrConcubine"
1888,2762,"spouseOrConcubine"
1889,1065,"father"
1889,1785,"father"
1889,1824,"father"
1896,2533,"father"
1897,2450,"spouseOrConcubine"
1898,924,"father"
1898,977,"father"
1898,1222,"father"
1898,1488,"father"
1901,588,"father"
1908,514,"father"
1909,2283,"father"
1918,6,"father"
1928,340,"father"
1928,954,"spouseOrConcubine"
1928,1843,"spouseOrConcubine"
1928,1877,"father"
1929,1303,"father"
1930,236,"father"
1930,1425,"spouseOrConcubine"
1930,761,"spouseOrConcubine"
1930,2040,"spouseOrConcubine"
1933,1005,"spouseOrConcubine"
1933,2468,"father"
1934,66,"father"
1938,683,"spouseOrConcubine"
1938,719,"mother"
1938,905,"mother"
1938,1715,"spouseOrConcubine"
1938,1721,"mother"
1938,1756,"mother"
1938,2747,"mother"
1940,950,"spouseOrConcubine"
1941,1679,"mother"
1946,1342,"spouseOrConcubine"
1946,1980,"mother"
1949,2664,"father"
1953,828,"father"
1959,1436,"father"
1959,2639,"father"
1960,2968,"father"
1961,1997,"father"
1963,1717,"father"
1964,1871,"father"
1968,683,"father"
1969,1484,"father"
1970,1707,"father"
1979,1003,"father"
1980,1342,"spouseOrConcubine"
1982,1220,"father"
1983,2041,"father"
1987,1821,"father"
1988,2185,"father"
1989,2286,"father"
1992,1088,"father"
1996,2300,"father"
1997,1992,"father"
1998,2254,"father"
1999,2055,"father"
2001,105,"spouseOrConcubine"
2001,412,"spouseOrConcubine"
2003,198,"father"
2004,671,"father"
2004,1889,"father"
2004,2116,"father"
2005,516,"spouseOrConcubine"
2005,1219,"father"
2005,1251,"spouseOrConcubine"
2005,1280,"father"
2005,1544,"spouseOrConcubine"
2005,619,"father"
2005,824,"spouseOrConcubine"
2005,2088,"father"
2005,2334,"spouseOrConcubine"
2005,2544,"father"
2010,1476,"father"
2013,1051,"father"
2013,1138,"father"
2013,743,"father"
2013,760,"father"
2013,785,"father"
2013,2991,"father"
2013,3004,"father"
2014,474,"father"
2016,2322,"father"
2017,2026,"father"
2018,473,"father"
2024,2459,"father"
2026,707,"father"
2031,987,"father"
2031,1675,"spouseOrConcubine"
2036,2460,"father"
2020,367,"father"
2040,236,"mother"
2040,1499,"spouseOrConcubine"
2040,1512,"spouseOrConcubine"
2040,761,"spouseOrConcubine"
2040,1930,"spouseOrConcubine"
2041,69,"spouseOrConcubine"
2041,1808,"father"
2041,3080,"spouseOrConcubine"
2042,1809,"father"
2043,1946,"father"
2047,2095,"father"
2050,2398,"father"
2051,1951,"father"
2052,2536,"father"
2057,1959,"father"
2055,119,"father"
2055,1993,"father"
2055,2363,"father"
2055,2827,"father"
2060,1319,"father"
2061,2681,"father"
2065,2246,"father"
2067,2995,"father"
2058,2505,"father"
2069,63,"father"
2073,994,"spouseOrConcubine"
2073,903,"spouseOrConcubine"
2073,1807,"spouseOrConcubine"
2073,2326,"spouseOrConcubine"
2073,2941,"spouseOrConcubine"
2074,2920,"father"
2075,21,"father"
2075,1057,"father"
2075,1197,"father"
2075,1201,"father"
2075,1402,"father"
2078,2682,"father"
2082,487,"mother"
2082,529,"mother"
2082,938,"mother"
2082,1468,"mother"
2082,1582,"mother"
2082,1615,"mother"
2082,1773,"mother"
2082,2143,"spouseOrConcubine"
2082,2357,"mother"
2082,2841,"spouseOrConcubine"
2095,1366,"father"
2100,253,"father"
2100,917,"father"
2100,923,"father"
2100,1816,"father"
2100,1835,"father"
2100,2150,"father"
2100,2288,"father"
2108,1114,"father"
2108,1302,"father"
2108,2431,"spouseOrConcubine"
2108,3095,"spouseOrConcubine"
2109,169,"mother"
2109,171,"mother"
2110,1817,"mother"
2111,2745,"spouseOrConcubine"
2111,2943,"mother"
2112,717,"mother"
2112,1677,"mother"
2112,2998,"spouseOrConcubine"
2114,507,"father"
2116,1035,"father"
2116,857,"father"
2116,1896,"father"
2119,31,"spouseOrConcubine"
2119,416,"spouseOrConcubine"
2119,994,"spouseOrConcubine"
2119,1841,"spouseOrConcubine"
2119,1888,"spouseOrConcubine"
2119,2412,"mother"
2119,2762,"spouseOrConcubine"
2124,16,"spouseOrConcubine"
2124,175,"mother"
2124,342,"spouseOrConcubine"
2124,1332,"mother"
2124,1497,"mother"
2124,1520,"spouseOrConcubine"
2124,2840,"mother"
2126,26,"spouseOrConcubine"
2130,277,"father"
2130,2486,"father"
2132,1221,"father"
2137,1404,"father"
2138,27,"father"
2138,907,"spouseOrConcubine"
2138,2941,"spouseOrConcubine"
2138,3055,"father"
2139,2722,"father"
2142,2841,"father"
2143,487,"father"
2143,529,"father"
2143,938,"father"
2143,1267,"father"
2143,1407,"spouseOrConcubine"
2143,1468,"father"
2143,1582,"father"
2143,1615,"father"
2143,1773,"father"
2143,1840,"father"
2143,2082,"spouseOrConcubine"
2143,2357,"father"
2143,2433,"spouseOrConcubine"
2143,2832,"father"
2143,2845,"father"
2144,2463,"father"
2147,940,"mother"
2147,1134,"spouseOrConcubine"
2147,1897,"mother"
2147,2257,"spouseOrConcubine"
2147,2450,"spouseOrConcubine"
2149,1330,"father"
2149,706,"father"
2149,1606,"father"
2149,2677,"father"
2155,2945,"father"
2152,1961,"father"
2153,374,"father"
2153,2959,"father"
2154,1599,"father"
2160,239,"father"
2161,563,"father"
2161,1135,"father"
2161,1513,"father"
2165,872,"father"
2165,3053,"spouseOrConcubine"
2167,437,"father"
2174,1085,"spouseOrConcubine"
2174,791,"mother"
2174,1730,"spouseOrConcubine"
2174,3000,"spouseOrConcubine"
2181,57,"father"
2185,2457,"father"
2186,410,"father"
2186,2500,"father"
2191,2626,"father"
2198,631,"father"
2201,823,"father"
2207,809,"father"
2210,1359,"father"
2210,726,"father"
2210,2613,"father"
2214,1727,"father"
2221,636,"father"
2229,818,"father"
2232,384,"father"
2228,903,"father"
2228,2941,"spouseOrConcubine"
2233,222,"father"
2233,646,"father"
2233,813,"father"
2233,1623,"father"
2233,2192,"father"
2233,2324,"father"
2233,2453,"father"
2233,2627,"father"
2235,2264,"father"
2236,380,"father"
2245,227,"father"
2243,113,"father"
2243,1605,"spouseOrConcubine"
2249,684,"father"
2249,2542,"father"
2257,940,"spouseOrConcubine"
2257,1134,"spouseOrConcubine"
2257,2147,"spouseOrConcubine"
2259,68,"spouseOrConcubine"
2259,537,"spouseOrConcubine"
2259,1453,"father"
2259,1998,"father"
2265,894,"father"
2265,1619,"father"
2266,1442,"father"
2273,1165,"father"
2275,2295,"father"
2278,807,"father"
2282,795,"father"
2283,3024,"father"
2287,1290,"father"
2291,1276,"father"
2293,2686,"father"
2293,2942,"spouseOrConcubine"
2293,3054,"father"
2294,1656,"father"
2297,1646,"father"
2292,1730,"spouseOrConcubine"
2292,3000,"father"
2303,877,"father"
2308,2428,"father"
2311,2247,"father"
2313,1168,"spouseOrConcubine"
2313,874,"spouseOrConcubine"
2323,1660,"father"
2325,1074,"father"
2326,152,"spouseOrConcubine"
2326,2073,"spouseOrConcubine"
2326,2478,"spouseOrConcubine"
2327,268,"father"
2334,516,"father"
2334,2005,"spouseOrConcubine"
2330,988,"father"
2332,989,"father"
2332,1256,"spouseOrConcubine"
2332,2762,"spouseOrConcubine"
2332,2817,"spouseOrConcubine"
2338,16,"spouseOrConcubine"
2338,986,"spouseOrConcubine"
2338,1367,"father"
2338,1520,"father"
2345,1507,"spouseOrConcubine"
2351,1066,"father"
2349,51,"father"
2350,163,"father"
2350,1589,"father"
2369,335,"father"
2369,1710,"spouseOrConcubine"
2370,279,"spouseOrConcubine"
2373,2879,"father"
2377,990,"father"
2377,1062,"spouseOrConcubine"
2380,998,"father"
2380,2567,"father"
2385,519,"mother"
2385,2450,"spouseOrConcubine"
2386,335,"spouseOrConcubine"
2386,463,"mother"
2386,616,"spouseOrConcubine"
2386,682,"spouseOrConcubine"
2386,1710,"mother"
2386,2401,"spouseOrConcubine"
2392,1041,"father"
2392,721,"father"
2392,1872,"father"
2391,228,"father"
2397,2269,"father"
2398,574,"father"
2401,58,"spouseOrConcubine"
2401,414,"spouseOrConcubine"
2401,502,"spouseOrConcubine"
2401,1216,"mother"
2401,616,"spouseOrConcubine"
2401,682,"mother"
2401,1761,"spouseOrConcubine"
2401,1813,"spouseOrConcubine"
2401,1887,"spouseOrConcubine"
2401,2386,"spouseOrConcubine"
2401,2473,"spouseOrConcubine"
2401,3081,"spouseOrConcubine"
2404,1904,"father"
2403,799,"father"
2405,929,"father"
2405,2729,"father"
2409,647,"father"
2410,1340,"father"
2412,31,"spouseOrConcubine"
2412,38,"father"
2412,365,"father"
2412,1075,"spouseOrConcubine"
2412,869,"spouseOrConcubine"
2412,1603,"father"
2412,1841,"spouseOrConcubine"
2412,1888,"spouseOrConcubine"
2412,2531,"father"
2412,2610,"father"
2412,2823,"spouseOrConcubine"
2412,2902,"spouseOrConcubine"
2412,2980,"father"
2412,3098,"father"
2419,2543,"father"
2420,2299,"father"
2427,2835,"father"
2428,2503,"father"
2429,920,"father"
2429,1403,"father"
2429,1519,"father"
2429,2325,"father"
2432,2656,"father"
2430,2101,"father"
2430,2146,"father"
2430,2538,"father"
2430,3043,"father"
2431,1091,"father"
2431,1537,"father"
2431,2108,"spouseOrConcubine"
2431,3095,"father"
2433,1267,"mother"
2433,1840,"mother"
2433,2143,"spouseOrConcubine"
2433,2832,"mother"
2433,2845,"mother"
2438,1628,"father"
2440,657,"father"
2441,582,"father"
2441,2402,"father"
2444,309,"mother"
2444,1784,"spouseOrConcubine"
2444,2000,"mother"
2444,2478,"spouseOrConcubine"
2450,519,"spouseOrConcubine"
2450,1134,"spouseOrConcubine"
2450,1897,"spouseOrConcubine"
2450,2147,"spouseOrConcubine"
2450,2228,"mother"
2450,2385,"spouseOrConcubine"
2450,2463,"spouseOrConcubine"
2454,65,"father"
2455,1030,"father"
2456,2942,"spouseOrConcubine"
2457,3106,"father"
2463,519,"father"
2463,2450,"spouseOrConcubine"
2465,3087,"father"
2468,1005,"spouseOrConcubine"
2469,15,"father"
2469,1647,"father"
2470,991,"father"
2470,2768,"spouseOrConcubine"
2472,258,"spouseOrConcubine"
2473,58,"spouseOrConcubine"
2473,616,"mother"
2473,2401,"spouseOrConcubine"
2473,2841,"spouseOrConcubine"
2478,105,"spouseOrConcubine"
2478,143,"spouseOrConcubine"
2478,152,"spouseOrConcubine"
2478,177,"spouseOrConcubine"
2478,309,"father"
2478,994,"spouseOrConcubine"
2478,622,"father"
2478,641,"father"
2478,1692,"father"
2478,1990,"father"
2478,2000,"father"
2478,2001,"father"
2478,2073,"father"
2478,2326,"spouseOrConcubine"
2478,2444,"spouseOrConcubine"
2484,708,"father"
2485,248,"father"
2485,1015,"father"
2485,1016,"father"
2485,1238,"father"
2485,1831,"father"
2485,2719,"father"
2485,2860,"father"
2485,3062,"father"
2488,1964,"father"
2489,104,"father"
2489,1215,"father"
2489,2559,"father"
2490,1753,"father"
2494,1245,"father"
2494,815,"father"
2496,1618,"father"
2497,1732,"father"
2493,127,"father"
2493,1125,"father"
2503,2142,"father"
2504,1193,"father"
2513,55,"father"
2513,587,"spouseOrConcubine"
2513,1185,"father"
2513,1543,"spouseOrConcubine"
2513,1581,"spouseOrConcubine"
2513,1604,"father"
2513,1643,"father"
2513,1900,"father"
2513,2011,"father"
2513,2089,"father"
2513,2512,"father"
2513,3063,"father"
2517,835,"father"
2518,2047,"father"
2519,1524,"father"
2520,1973,"father"
2521,781,"father"
2525,1369,"father"
2526,1869,"father"
2515,1567,"spouseOrConcubine"
2533,389,"father"
2541,1694,"father"
2542,29,"spouseOrConcubine"
2542,53,"father"
2542,2130,"father"
2543,1935,"father"
2551,669,"father"
2550,141,"father"
2550,1056,"father"
2550,1296,"father"
2553,1153,"father"
2558,129,"father"
2561,11,"father"
2561,271,"father"
2561,1050,"father"
2561,1106,"father"
2561,1370,"father"
2561,1385,"father"
2561,1474,"father"
2561,606,"father"
2561,639,"father"
2561,2315,"father"
2561,3067,"father"
2563,1169,"father"
2562,2518,"father"
2579,766,"father"
2583,2620,"father"
2586,2636,"father"
2587,992,"father"
2587,2872,"spouseOrConcubine"
2591,1166,"father"
2593,1210,"father"
2593,1634,"father"
2593,1684,"father"
2593,1801,"father"
2593,2474,"father"
2596,1390,"father"
2598,2201,"father"
2600,822,"father"
2601,614,"father"
2604,133,"father"
2608,693,"father"
2613,285,"father"
2613,312,"father"
2613,349,"father"
2613,1049,"father"
2613,1834,"father"
2614,2389,"father"
2615,546,"father"
2618,132,"father"
2618,1636,"father"
2620,402,"father"
2620,1457,"father"
2620,595,"father"
2620,2161,"father"
2620,2554,"father"
2621,2703,"father"
2622,1325,"father"
2624,2219,"father"
2627,1128,"father"
2627,1188,"father"
2627,2231,"father"
2627,2258,"father"
2627,2421,"father"
2627,2487,"father"
2639,1700,"father"
2642,2905,"father"
2644,1004,"father"
2650,130,"father"
2650,267,"father"
2650,1825,"father"
2650,2590,"father"
2656,2025,"father"
2663,205,"father"
2669,2390,"father"
2669,2889,"father"
2672,166,"father"
2672,732,"spouseOrConcubine"
2676,318,"spouseOrConcubine"
2676,567,"father"
2678,3023,"father"
2680,1352,"father"
2681,469,"father"
2683,1746,"father"
2688,2050,"father"
2689,2913,"father"
2696,710,"father"
2698,71,"father"
2698,470,"father"
2698,1105,"father"
2698,1112,"father"
2698,713,"father"
2698,2702,"father"
2698,2955,"father"
2698,3066,"father"
2698,3082,"father"
2699,481,"father"
2699,692,"father"
2699,1602,"father"
2699,3090,"father"
2700,1688,"father"
2701,233,"father"
2701,456,"father"
2701,2442,"father"
2701,2857,"father"
2703,751,"father"
2704,758,"father"
2704,1665,"father"
2709,3097,"father"
2711,1774,"father"
2714,88,"father"
2720,1421,"father"
2719,195,"father"
2719,1026,"father"
2719,1927,"father"
2719,2248,"father"
2719,2665,"father"
2725,125,"father"
2725,287,"father"
2725,821,"father"
2725,2445,"father"
2724,812,"father"
2728,993,"father"
2728,1751,"spouseOrConcubine"
2730,282,"father"
2730,1399,"father"
2730,2434,"father"
2734,476,"father"
2734,1212,"father"
2741,679,"father"
2741,720,"father"
2741,838,"father"
2741,2239,"father"
2741,2562,"father"
2741,3102,"father"
2743,1822,"father"
2745,2111,"spouseOrConcubine"
2745,2943,"spouseOrConcubine"
2749,186,"father"
2749,2448,"father"
2751,1760,"father"
2756,2517,"father"
2759,1297,"mother"
2759,1339,"spouseOrConcubine"
2761,1265,"father"
2762,31,"spouseOrConcubine"
2762,145,"spouseOrConcubine"
2762,415,"father"
2762,989,"spouseOrConcubine"
2762,1841,"spouseOrConcubine"
2762,1888,"spouseOrConcubine"
2762,2119,"spouseOrConcubine"
2762,2332,"spouseOrConcubine"
2762,2412,"father"
2762,2763,"spouseOrConcubine"
2762,2825,"father"
2763,2762,"spouseOrConcubine"
2763,2825,"spouseOrConcubine"
2768,991,"spouseOrConcubine"
2768,2470,"spouseOrConcubine"
2805,1264,"father"
2811,452,"father"
2813,1802,"father"
2814,2900,"father"
2815,1042,"father"
2816,2946,"father"
2817,2332,"spouseOrConcubine"
2819,994,"spouseOrConcubine"
2819,1839,"father"
2821,993,"spouseOrConcubine"
2821,1209,"spouseOrConcubine"
2821,682,"spouseOrConcubine"
2821,1751,"spouseOrConcubine"
2821,1813,"spouseOrConcubine"
2821,2338,"mother"
2821,2984,"mother"
2823,1841,"mother"
2823,2412,"spouseOrConcubine"
2823,2902,"spouseOrConcubine"
2824,2495,"father"
2825,45,"spouseOrConcubine"
2825,2763,"spouseOrConcubine"
2835,2813,"father"
2841,58,"father"
2841,58,"spouseOrConcubine"
2841,1348,"spouseOrConcubine"
2841,1407,"father"
2841,1782,"spouseOrConcubine"
2841,2082,"spouseOrConcubine"
2841,2143,"father"
2841,2473,"father"
2841,2473,"spouseOrConcubine"
2848,1327,"father"
2848,621,"father"
2848,1806,"father"
2848,1924,"father"
2848,2471,"father"
2856,695,"father"
2855,1567,"spouseOrConcubine"
2855,2515,"father"
2858,406,"father"
2859,197,"mother"
2859,414,"spouseOrConcubine"
2859,1144,"spouseOrConcubine"
2859,1216,"spouseOrConcubine"
2872,987,"spouseOrConcubine"
2872,992,"spouseOrConcubine"
2872,1675,"father"
2872,2587,"spouseOrConcubine"
2876,1126,"father"
2877,1705,"father"
2878,705,"father"
2878,862,"father"
2878,1614,"father"
2878,2425,"father"
2878,2654,"father"
2878,2918,"father"
2889,428,"father"
2893,1142,"father"
2895,490,"father"
2896,1286,"father"
2899,2006,"father"
2898,416,"spouseOrConcubine"
2898,1089,"spouseOrConcubine"
2900,2925,"father"
2902,59,"spouseOrConcubine"
2902,1841,"father"
2902,2412,"spouseOrConcubine"
2902,2823,"spouseOrConcubine"
2910,2268,"father"
2913,2680,"father"
2917,3047,"father"
2918,659,"father"
2920,1048,"father"
2925,2563,"father"
2926,800,"father"
2928,358,"father"
2929,1189,"father"
2929,901,"father"
2929,2052,"father"
2929,2090,"father"
2929,3096,"father"
2937,117,"spouseOrConcubine"
2938,2141,"father"
2939,532,"spouseOrConcubine"
2940,531,"spouseOrConcubine"
2940,1237,"spouseOrConcubine"
2941,26,"spouseOrConcubine"
2941,27,"mother"
2941,54,"spouseOrConcubine"
2941,153,"spouseOrConcubine"
2941,416,"spouseOrConcubine"
2941,994,"mother"
2941,1036,"spouseOrConcubine"
2941,1353,"spouseOrConcubine"
2941,903,"spouseOrConcubine"
2941,907,"spouseOrConcubine"
2941,1839,"spouseOrConcubine"
2941,2073,"spouseOrConcubine"
2941,2138,"spouseOrConcubine"
2941,2228,"spouseOrConcubine"
2941,3055,"mother"
2942,791,"spouseOrConcubine"
2942,2293,"spouseOrConcubine"
2942,2456,"spouseOrConcubine"
2942,3054,"mother"
2943,1687,"spouseOrConcubine"
2943,2745,"spouseOrConcubine"
2945,1204,"father"
2946,2735,"father"
2952,407,"father"
2954,921,"father"
2957,738,"father"
2962,2687,"father"
2968,1377,"father"
2963,2545,"father"
2970,14,"father"
2970,118,"spouseOrConcubine"
2971,1152,"spouseOrConcubine"
2971,1676,"father"
2975,2519,"father"
2973,144,"father"
2974,375,"spouseOrConcubine"
2974,882,"father"
2981,1406,"father"
2984,536,"father"
2984,976,"father"
2984,1223,"father"
2984,1489,"father"
2984,2954,"father"
2998,717,"father"
2998,1677,"father"
2998,2112,"spouseOrConcubine"
3000,236,"spouseOrConcubine"
3000,1085,"mother"
3000,761,"spouseOrConcubine"
3000,1730,"spouseOrConcubine"
3000,2174,"spouseOrConcubine"
3002,1183,"father"
3002,704,"father"
3002,2501,"father"
3007,1593,"father"
3009,699,"father"
3022,2928,"father"
3023,1683,"father"
3024,246,"father"
3035,1548,"father"
3035,1895,"father"
3035,2083,"father"
3035,2211,"father"
3035,2868,"father"
3041,1731,"father"
3045,746,"father"
3044,1641,"father"
3047,2003,"father"
3048,1124,"father"
3049,1360,"spouseOrConcubine"
3049,1362,"spouseOrConcubine"
3052,23,"father"
3052,1844,"spouseOrConcubine"
3053,872,"mother"
3053,2165,"spouseOrConcubine"
3054,56,"father"
3054,471,"father"
3054,1384,"father"
3054,1426,"father"
3054,1445,"father"
3054,1765,"father"
3054,2021,"father"
3054,2240,"father"
3054,2606,"father"
3055,50,"mother"
3055,320,"mother"
3055,1617,"mother"
3061,247,"father"
3061,432,"spouseOrConcubine"
3062,178,"father"
3062,249,"father"
3064,121,"spouseOrConcubine"
3064,359,"spouseOrConcubine"
3064,783,"spouseOrConcubine"
3064,803,"spouseOrConcubine"
3064,1632,"mother"
3069,2051,"father"
3070,2609,"father"
3071,1117,"father"
3072,213,"father"
3073,1161,"father"
3075,1659,"father"
3080,1808,"spouseOrConcubine"
3080,2041,"spouseOrConcubine"
3080,2118,"mother"
3080,2884,"mother"
3081,337,"mother"
3081,1262,"mother"
3081,616,"spouseOrConcubine"
3081,682,"spouseOrConcubine"
3081,2401,"spouseOrConcubine"
3084,1622,"father"
3085,1624,"father"
3089,2114,"father"
3094,387,"father"
3095,242,"spouseOrConcubine"
3095,1114,"mother"
3095,1302,"mother"
3095,1645,"spouseOrConcubine"
3095,2108,"spouseOrConcubine"
3101,1208,"father"
3104,430,"father"
3104,477,"father"
3104,492,"father"
3104,1420,"father"
3104,1538,"father"
3104,603,"father"
3104,654,"father"
3104,2537,"father"
3104,2679,"father"
3104,2730,"father"
3104,2803,"father"
3106,2438,"father"
3107,2188,"father"
3108,2876,"father"
3109,959,"father"
3113,2612,"father"
3000,1667,"mother"
1605,359,"mother"
